Показник,region,Категорія розрізу,activity,sex,Періодичність,year,enterprises_count
Кількість активних підприємств,Вінницька,Вид економічної діяльності,Надання інших видів послуг,Жінки,Річна,2025,1960
Кількість активних підприємств,Вінницька,Вид економічної діяльності,"Професійна, наукова та технічна діяльність",Жінки,Річна,2025,227
Кількість активних підприємств,Вінницька,Вид економічної діяльності,Оптова та роздрібна торгівля; ремонт автотранспортних засобів і мотоциклів,Жінки,Річна,2025,715
Кількість активних підприємств,Вінницька,Вид економічної діяльності,"Сільське господарство, лісове господарство та рибне господарство",Жінки,Річна,2025,602
Кількість активних підприємств,Вінницька,Вид економічної діяльності,"Мистецтво, спорт, розваги та відпочинок",Жінки,Річна,2025,185
Кількість активних підприємств,Вінницька,Вид економічної діяльності,"Транспорт, складське господарство, поштова та кур'єрська діяльність",Жінки,Річна,2025,124
Кількість активних підприємств,Вінницька,Вид економічної діяльності,Добувна промисловість і розроблення кар'єрів,Жінки,Річна,2025,12
Кількість активних підприємств,Вінницька,Вид економічної діяльності,Діяльність у сфері адміністративного та допоміжного обслуговування,Жінки,Річна,2025,861
Кількість активних підприємств,Вінницька,Вид економічної діяльності,Охорона здоров'я та надання соціальної допомоги,Жінки,Річна,2025,445
Кількість активних підприємств,Вінницька,Вид економічної діяльності,Операції з нерухомим майном,Жінки,Річна,2025,364
Кількість активних підприємств,Вінницька,Вид економічної діяльності,Державне управління й оборона; обов'язкове соціальне страхування,Жінки,Річна,2025,1053
Кількість активних підприємств,Вінницька,Вид економічної діяльності,Операції з нерухомим майном,Чоловіки,Річна,2025,578
Кількість активних підприємств,Вінницька,Вид економічної діяльності,"Транспорт, складське господарство, поштова та кур'єрська діяльність",Чоловіки,Річна,2025,315
Кількість активних підприємств,Вінницька,Вид економічної діяльності,"Постачання електроенергії, газу, пари та кондиційованого повітря",Чоловіки,Річна,2025,118
Кількість активних підприємств,Вінницька,Вид економічної діяльності,"Водопостачання; каналізація, поводження з відходами",Жінки,Річна,2025,49
Кількість активних підприємств,Вінницька,Вид економічної діяльності,Освіта,Чоловіки,Річна,2025,415
Кількість активних підприємств,Вінницька,Вид економічної діяльності,Освіта,Жінки,Річна,2025,1208
Кількість активних підприємств,Вінницька,Вид економічної діяльності,Надання інших видів послуг,Чоловіки,Річна,2025,4260
Кількість активних підприємств,Вінницька,Вид економічної діяльності,Інформація та телекомунікації,Жінки,Річна,2025,142
Кількість активних підприємств,Вінницька,Вид економічної діяльності,"Мистецтво, спорт, розваги та відпочинок",Чоловіки,Річна,2025,105
Кількість активних підприємств,Вінницька,Вид економічної діяльності,"Постачання електроенергії, газу, пари та кондиційованого повітря",Жінки,Річна,2025,22
Кількість активних підприємств,Вінницька,Вид економічної діяльності,Тимчасове розміщування й організація харчування,Чоловіки,Річна,2025,65
Кількість активних підприємств,Вінницька,Вид економічної діяльності,Переробна промисловість,Жінки,Річна,2025,251
Кількість активних підприємств,Вінницька,Вид економічної діяльності,Тимчасове розміщування й організація харчування,Жінки,Річна,2025,58
Кількість активних підприємств,Вінницька,Вид економічної діяльності,"Професійна, наукова та технічна діяльність",Чоловіки,Річна,2025,304
Кількість активних підприємств,Вінницька,Вид економічної діяльності,Фінансова та страхова діяльність,Чоловіки,Річна,2025,21
Кількість активних підприємств,Вінницька,Вид економічної діяльності,Оптова та роздрібна торгівля; ремонт автотранспортних засобів і мотоциклів,Чоловіки,Річна,2025,1415
Кількість активних підприємств,Вінницька,Вид економічної діяльності,Державне управління й оборона; обов'язкове соціальне страхування,Чоловіки,Річна,2025,772
Кількість активних підприємств,Вінницька,Вид економічної діяльності,"Водопостачання; каналізація, поводження з відходами",Чоловіки,Річна,2025,145
Кількість активних підприємств,Вінницька,Вид економічної діяльності,Переробна промисловість,Чоловіки,Річна,2025,865
Кількість активних підприємств,Вінницька,Вид економічної діяльності,Охорона здоров'я та надання соціальної допомоги,Чоловіки,Річна,2025,649
Кількість активних підприємств,Вінницька,Вид економічної діяльності,"Сільське господарство, лісове господарство та рибне господарство",Чоловіки,Річна,2025,2373
Кількість активних підприємств,Вінницька,Вид економічної діяльності,Діяльність у сфері адміністративного та допоміжного обслуговування,Чоловіки,Річна,2025,1045
Кількість активних підприємств,Вінницька,Вид економічної діяльності,Інформація та телекомунікації,Чоловіки,Річна,2025,221
Кількість активних підприємств,Вінницька,Вид економічної діяльності,Будівництво,Чоловіки,Річна,2025,604
Кількість активних підприємств,Вінницька,Вид економічної діяльності,Будівництво,Жінки,Річна,2025,118
Кількість активних підприємств,Вінницька,Вид економічної діяльності,Добувна промисловість і розроблення кар'єрів,Чоловіки,Річна,2025,48
Кількість активних підприємств,Вінницька,Вид економічної діяльності,Фінансова та страхова діяльність,Жінки,Річна,2025,13
Кількість активних підприємств,Волинська,Вид економічної діяльності,"Водопостачання; каналізація, поводження з відходами",Жінки,Річна,2025,9
Кількість активних підприємств,Волинська,Вид економічної діяльності,Охорона здоров'я та надання соціальної допомоги,Жінки,Річна,2025,294
Кількість активних підприємств,Волинська,Вид економічної діяльності,"Мистецтво, спорт, розваги та відпочинок",Чоловіки,Річна,2025,51
Кількість активних підприємств,Волинська,Вид економічної діяльності,Освіта,Чоловіки,Річна,2025,317
Кількість активних підприємств,Волинська,Вид економічної діяльності,Будівництво,Жінки,Річна,2025,88
Кількість активних підприємств,Волинська,Вид економічної діяльності,Діяльність у сфері адміністративного та допоміжного обслуговування,Чоловіки,Річна,2025,1190
Кількість активних підприємств,Волинська,Вид економічної діяльності,Освіта,Жінки,Річна,2025,998
Кількість активних підприємств,Волинська,Вид економічної діяльності,Фінансова та страхова діяльність,Жінки,Річна,2025,6
Кількість активних підприємств,Волинська,Вид економічної діяльності,Переробна промисловість,Чоловіки,Річна,2025,576
Кількість активних підприємств,Волинська,Вид економічної діяльності,"Постачання електроенергії, газу, пари та кондиційованого повітря",Чоловіки,Річна,2025,38
Кількість активних підприємств,Волинська,Вид економічної діяльності,Оптова та роздрібна торгівля; ремонт автотранспортних засобів і мотоциклів,Чоловіки,Річна,2025,1192
Кількість активних підприємств,Волинська,Вид економічної діяльності,"Транспорт, складське господарство, поштова та кур'єрська діяльність",Чоловіки,Річна,2025,507
Кількість активних підприємств,Волинська,Вид економічної діяльності,Оптова та роздрібна торгівля; ремонт автотранспортних засобів і мотоциклів,Жінки,Річна,2025,631
Кількість активних підприємств,Волинська,Вид економічної діяльності,Операції з нерухомим майном,Чоловіки,Річна,2025,370
Кількість активних підприємств,Волинська,Вид економічної діяльності,Фінансова та страхова діяльність,Чоловіки,Річна,2025,20
Кількість активних підприємств,Волинська,Вид економічної діяльності,Операції з нерухомим майном,Жінки,Річна,2025,295
Кількість активних підприємств,Волинська,Вид економічної діяльності,"Постачання електроенергії, газу, пари та кондиційованого повітря",Жінки,Річна,2025,12
Кількість активних підприємств,Волинська,Вид економічної діяльності,Надання інших видів послуг,Чоловіки,Річна,2025,3474
Кількість активних підприємств,Волинська,Вид економічної діяльності,Державне управління й оборона; обов'язкове соціальне страхування,Чоловіки,Річна,2025,390
Кількість активних підприємств,Волинська,Вид економічної діяльності,Тимчасове розміщування й організація харчування,Жінки,Річна,2025,86
Кількість активних підприємств,Волинська,Вид економічної діяльності,Надання інших видів послуг,Жінки,Річна,2025,1183
Кількість активних підприємств,Волинська,Вид економічної діяльності,"Транспорт, складське господарство, поштова та кур'єрська діяльність",Жінки,Річна,2025,192
Кількість активних підприємств,Волинська,Вид економічної діяльності,Діяльність у сфері адміністративного та допоміжного обслуговування,Жінки,Річна,2025,1062
Кількість активних підприємств,Волинська,Вид економічної діяльності,Добувна промисловість і розроблення кар'єрів,Жінки,Річна,2025,6
Кількість активних підприємств,Волинська,Вид економічної діяльності,Будівництво,Чоловіки,Річна,2025,368
Кількість активних підприємств,Волинська,Вид економічної діяльності,Тимчасове розміщування й організація харчування,Чоловіки,Річна,2025,49
Кількість активних підприємств,Волинська,Вид економічної діяльності,"Водопостачання; каналізація, поводження з відходами",Чоловіки,Річна,2025,55
Кількість активних підприємств,Волинська,Вид економічної діяльності,Добувна промисловість і розроблення кар'єрів,Чоловіки,Річна,2025,24
Кількість активних підприємств,Волинська,Вид економічної діяльності,"Сільське господарство, лісове господарство та рибне господарство",Чоловіки,Річна,2025,829
Кількість активних підприємств,Волинська,Вид економічної діяльності,Інформація та телекомунікації,Жінки,Річна,2025,45
Кількість активних підприємств,Волинська,Вид економічної діяльності,Інформація та телекомунікації,Чоловіки,Річна,2025,103
Кількість активних підприємств,Волинська,Вид економічної діяльності,"Сільське господарство, лісове господарство та рибне господарство",Жінки,Річна,2025,183
Кількість активних підприємств,Волинська,Вид економічної діяльності,Державне управління й оборона; обов'язкове соціальне страхування,Жінки,Річна,2025,483
Кількість активних підприємств,Волинська,Вид економічної діяльності,Охорона здоров'я та надання соціальної допомоги,Чоловіки,Річна,2025,605
Кількість активних підприємств,Волинська,Вид економічної діяльності,"Мистецтво, спорт, розваги та відпочинок",Жінки,Річна,2025,95
Кількість активних підприємств,Волинська,Вид економічної діяльності,"Професійна, наукова та технічна діяльність",Чоловіки,Річна,2025,212
Кількість активних підприємств,Волинська,Вид економічної діяльності,"Професійна, наукова та технічна діяльність",Жінки,Річна,2025,144
Кількість активних підприємств,Волинська,Вид економічної діяльності,Переробна промисловість,Жінки,Річна,2025,201
Кількість активних підприємств,Дніпропетровська,Вид економічної діяльності,"Водопостачання; каналізація, поводження з відходами",Жінки,Річна,2025,78
Кількість активних підприємств,Дніпропетровська,Вид економічної діяльності,"Сільське господарство, лісове господарство та рибне господарство",Чоловіки,Річна,2025,3016
Кількість активних підприємств,Дніпропетровська,Вид економічної діяльності,Переробна промисловість,Чоловіки,Річна,2025,2917
Кількість активних підприємств,Дніпропетровська,Вид економічної діяльності,"Постачання електроенергії, газу, пари та кондиційованого повітря",Чоловіки,Річна,2025,217
Кількість активних підприємств,Дніпропетровська,Вид економічної діяльності,Добувна промисловість і розроблення кар'єрів,Чоловіки,Річна,2025,86
Кількість активних підприємств,Дніпропетровська,Вид економічної діяльності,Будівництво,Чоловіки,Річна,2025,1781
Кількість активних підприємств,Дніпропетровська,Вид економічної діяльності,"Водопостачання; каналізація, поводження з відходами",Чоловіки,Річна,2025,229
Кількість активних підприємств,Дніпропетровська,Вид економічної діяльності,Добувна промисловість і розроблення кар'єрів,Жінки,Річна,2025,19
Кількість активних підприємств,Дніпропетровська,Вид економічної діяльності,Переробна промисловість,Жінки,Річна,2025,991
Кількість активних підприємств,Дніпропетровська,Вид економічної діяльності,"Сільське господарство, лісове господарство та рибне господарство",Жінки,Річна,2025,960
Кількість активних підприємств,Дніпропетровська,Вид економічної діяльності,"Постачання електроенергії, газу, пари та кондиційованого повітря",Жінки,Річна,2025,88
Кількість активних підприємств,Дніпропетровська,Вид економічної діяльності,Будівництво,Жінки,Річна,2025,552
Кількість активних підприємств,Дніпропетровська,Вид економічної діяльності,Операції з нерухомим майном,Жінки,Річна,2025,1508
Кількість активних підприємств,Дніпропетровська,Вид економічної діяльності,"Мистецтво, спорт, розваги та відпочинок",Жінки,Річна,2025,404
Кількість активних підприємств,Дніпропетровська,Вид економічної діяльності,Надання інших видів послуг,Жінки,Річна,2025,3397
Кількість активних підприємств,Дніпропетровська,Вид економічної діяльності,Інформація та телекомунікації,Жінки,Річна,2025,295
Кількість активних підприємств,Дніпропетровська,Вид економічної діяльності,Оптова та роздрібна торгівля; ремонт автотранспортних засобів і мотоциклів,Жінки,Річна,2025,2623
Кількість активних підприємств,Дніпропетровська,Вид економічної діяльності,Охорона здоров'я та надання соціальної допомоги,Жінки,Річна,2025,1152
Кількість активних підприємств,Дніпропетровська,Вид економічної діяльності,Операції з нерухомим майном,Чоловіки,Річна,2025,1662
Кількість активних підприємств,Дніпропетровська,Вид економічної діяльності,Діяльність у сфері адміністративного та допоміжного обслуговування,Чоловіки,Річна,2025,4018
Кількість активних підприємств,Дніпропетровська,Вид економічної діяльності,Державне управління й оборона; обов'язкове соціальне страхування,Чоловіки,Річна,2025,657
Кількість активних підприємств,Дніпропетровська,Вид економічної діяльності,"Професійна, наукова та технічна діяльність",Чоловіки,Річна,2025,1099
Кількість активних підприємств,Дніпропетровська,Вид економічної діяльності,Фінансова та страхова діяльність,Чоловіки,Річна,2025,129
Кількість активних підприємств,Дніпропетровська,Вид економічної діяльності,Інформація та телекомунікації,Чоловіки,Річна,2025,591
Кількість активних підприємств,Дніпропетровська,Вид економічної діяльності,Тимчасове розміщування й організація харчування,Чоловіки,Річна,2025,215
Кількість активних підприємств,Дніпропетровська,Вид економічної діяльності,Діяльність домашніх господарств,Чоловіки,Річна,2025,1
Кількість активних підприємств,Дніпропетровська,Вид економічної діяльності,Надання інших видів послуг,Чоловіки,Річна,2025,6591
Кількість активних підприємств,Дніпропетровська,Вид економічної діяльності,Тимчасове розміщування й організація харчування,Жінки,Річна,2025,228
Кількість активних підприємств,Дніпропетровська,Вид економічної діяльності,"Мистецтво, спорт, розваги та відпочинок",Чоловіки,Річна,2025,215
Кількість активних підприємств,Дніпропетровська,Вид економічної діяльності,Охорона здоров'я та надання соціальної допомоги,Чоловіки,Річна,2025,1508
Кількість активних підприємств,Дніпропетровська,Вид економічної діяльності,"Транспорт, складське господарство, поштова та кур'єрська діяльність",Чоловіки,Річна,2025,952
Кількість активних підприємств,Дніпропетровська,Вид економічної діяльності,Оптова та роздрібна торгівля; ремонт автотранспортних засобів і мотоциклів,Чоловіки,Річна,2025,5803
Кількість активних підприємств,Дніпропетровська,Вид економічної діяльності,Освіта,Чоловіки,Річна,2025,392
Кількість активних підприємств,Дніпропетровська,Вид економічної діяльності,Державне управління й оборона; обов'язкове соціальне страхування,Жінки,Річна,2025,875
Кількість активних підприємств,Дніпропетровська,Вид економічної діяльності,Діяльність у сфері адміністративного та допоміжного обслуговування,Жінки,Річна,2025,3954
Кількість активних підприємств,Дніпропетровська,Вид економічної діяльності,"Транспорт, складське господарство, поштова та кур'єрська діяльність",Жінки,Річна,2025,463
Кількість активних підприємств,Дніпропетровська,Вид економічної діяльності,"Професійна, наукова та технічна діяльність",Жінки,Річна,2025,821
Кількість активних підприємств,Дніпропетровська,Вид економічної діяльності,Освіта,Жінки,Річна,2025,1958
Кількість активних підприємств,Дніпропетровська,Вид економічної діяльності,Фінансова та страхова діяльність,Жінки,Річна,2025,102
Кількість активних підприємств,Донецька,Вид економічної діяльності,Будівництво,Чоловіки,Річна,2025,178
Кількість активних підприємств,Донецька,Вид економічної діяльності,Оптова та роздрібна торгівля; ремонт автотранспортних засобів і мотоциклів,Чоловіки,Річна,2025,463
Кількість активних підприємств,Донецька,Вид економічної діяльності,"Водопостачання; каналізація, поводження з відходами",Чоловіки,Річна,2025,37
Кількість активних підприємств,Донецька,Вид економічної діяльності,"Транспорт, складське господарство, поштова та кур'єрська діяльність",Чоловіки,Річна,2025,113
Кількість активних підприємств,Донецька,Вид економічної діяльності,"Постачання електроенергії, газу, пари та кондиційованого повітря",Чоловіки,Річна,2025,21
Кількість активних підприємств,Донецька,Вид економічної діяльності,Тимчасове розміщування й організація харчування,Жінки,Річна,2025,18
Кількість активних підприємств,Донецька,Вид економічної діяльності,Діяльність у сфері адміністративного та допоміжного обслуговування,Чоловіки,Річна,2025,2461
Кількість активних підприємств,Донецька,Вид економічної діяльності,"Професійна, наукова та технічна діяльність",Чоловіки,Річна,2025,144
Кількість активних підприємств,Донецька,Вид економічної діяльності,Державне управління й оборона; обов'язкове соціальне страхування,Чоловіки,Річна,2025,783
Кількість активних підприємств,Донецька,Вид економічної діяльності,Операції з нерухомим майном,Чоловіки,Річна,2025,370
Кількість активних підприємств,Донецька,Вид економічної діяльності,Фінансова та страхова діяльність,Чоловіки,Річна,2025,8
Кількість активних підприємств,Донецька,Вид економічної діяльності,Освіта,Чоловіки,Річна,2025,403
Кількість активних підприємств,Донецька,Вид економічної діяльності,Охорона здоров'я та надання соціальної допомоги,Чоловіки,Річна,2025,704
Кількість активних підприємств,Донецька,Вид економічної діяльності,Інформація та телекомунікації,Чоловіки,Річна,2025,66
Кількість активних підприємств,Донецька,Вид економічної діяльності,Тимчасове розміщування й організація харчування,Чоловіки,Річна,2025,12
Кількість активних підприємств,Донецька,Вид економічної діяльності,Переробна промисловість,Чоловіки,Річна,2025,224
Кількість активних підприємств,Донецька,Вид економічної діяльності,Добувна промисловість і розроблення кар'єрів,Чоловіки,Річна,2025,45
Кількість активних підприємств,Донецька,Вид економічної діяльності,"Сільське господарство, лісове господарство та рибне господарство",Чоловіки,Річна,2025,386
Кількість активних підприємств,Донецька,Вид економічної діяльності,Переробна промисловість,Жінки,Річна,2025,62
Кількість активних підприємств,Донецька,Вид економічної діяльності,Інформація та телекомунікації,Жінки,Річна,2025,27
Кількість активних підприємств,Донецька,Вид економічної діяльності,Освіта,Жінки,Річна,2025,2174
Кількість активних підприємств,Донецька,Вид економічної діяльності,Діяльність домашніх господарств,Чоловіки,Річна,2025,1
Кількість активних підприємств,Донецька,Вид економічної діяльності,"Мистецтво, спорт, розваги та відпочинок",Чоловіки,Річна,2025,162
Кількість активних підприємств,Донецька,Вид економічної діяльності,"Постачання електроенергії, газу, пари та кондиційованого повітря",Жінки,Річна,2025,5
Кількість активних підприємств,Донецька,Вид економічної діяльності,Державне управління й оборона; обов'язкове соціальне страхування,Жінки,Річна,2025,1234
Кількість активних підприємств,Донецька,Вид економічної діяльності,Охорона здоров'я та надання соціальної допомоги,Жінки,Річна,2025,638
Кількість активних підприємств,Донецька,Вид економічної діяльності,"Водопостачання; каналізація, поводження з відходами",Жінки,Річна,2025,16
Кількість активних підприємств,Донецька,Вид економічної діяльності,Діяльність у сфері адміністративного та допоміжного обслуговування,Жінки,Річна,2025,3692
Кількість активних підприємств,Донецька,Вид економічної діяльності,Оптова та роздрібна торгівля; ремонт автотранспортних засобів і мотоциклів,Жінки,Річна,2025,206
Кількість активних підприємств,Донецька,Вид економічної діяльності,Надання інших видів послуг,Чоловіки,Річна,2025,5526
Кількість активних підприємств,Донецька,Вид економічної діяльності,Надання інших видів послуг,Жінки,Річна,2025,3000
Кількість активних підприємств,Донецька,Вид економічної діяльності,Операції з нерухомим майном,Жінки,Річна,2025,349
Кількість активних підприємств,Донецька,Вид економічної діяльності,Добувна промисловість і розроблення кар'єрів,Жінки,Річна,2025,4
Кількість активних підприємств,Донецька,Вид економічної діяльності,Будівництво,Жінки,Річна,2025,37
Кількість активних підприємств,Донецька,Вид економічної діяльності,Діяльність домашніх господарств,Жінки,Річна,2025,1
Кількість активних підприємств,Донецька,Вид економічної діяльності,"Транспорт, складське господарство, поштова та кур'єрська діяльність",Жінки,Річна,2025,40
Кількість активних підприємств,Донецька,Вид економічної діяльності,Фінансова та страхова діяльність,Жінки,Річна,2025,8
Кількість активних підприємств,Донецька,Вид економічної діяльності,"Сільське господарство, лісове господарство та рибне господарство",Жінки,Річна,2025,111
Кількість активних підприємств,Донецька,Вид економічної діяльності,"Професійна, наукова та технічна діяльність",Жінки,Річна,2025,140
Кількість активних підприємств,Донецька,Вид економічної діяльності,"Мистецтво, спорт, розваги та відпочинок",Жінки,Річна,2025,323
Кількість активних підприємств,Житомирська,Вид економічної діяльності,Діяльність у сфері адміністративного та допоміжного обслуговування,Жінки,Річна,2025,703
Кількість активних підприємств,Житомирська,Вид економічної діяльності,Добувна промисловість і розроблення кар'єрів,Жінки,Річна,2025,26
Кількість активних підприємств,Житомирська,Вид економічної діяльності,"Транспорт, складське господарство, поштова та кур'єрська діяльність",Жінки,Річна,2025,79
Кількість активних підприємств,Житомирська,Вид економічної діяльності,"Професійна, наукова та технічна діяльність",Жінки,Річна,2025,116
Кількість активних підприємств,Житомирська,Вид економічної діяльності,Тимчасове розміщування й організація харчування,Жінки,Річна,2025,51
Кількість активних підприємств,Житомирська,Вид економічної діяльності,Надання інших видів послуг,Жінки,Річна,2025,1439
Кількість активних підприємств,Житомирська,Вид економічної діяльності,Переробна промисловість,Жінки,Річна,2025,297
Кількість активних підприємств,Житомирська,Вид економічної діяльності,Діяльність у сфері адміністративного та допоміжного обслуговування,Чоловіки,Річна,2025,742
Кількість активних підприємств,Житомирська,Вид економічної діяльності,"Мистецтво, спорт, розваги та відпочинок",Чоловіки,Річна,2025,104
Кількість активних підприємств,Житомирська,Вид економічної діяльності,Охорона здоров'я та надання соціальної допомоги,Чоловіки,Річна,2025,526
Кількість активних підприємств,Житомирська,Вид економічної діяльності,"Професійна, наукова та технічна діяльність",Чоловіки,Річна,2025,214
Кількість активних підприємств,Житомирська,Вид економічної діяльності,"Постачання електроенергії, газу, пари та кондиційованого повітря",Жінки,Річна,2025,21
Кількість активних підприємств,Житомирська,Вид економічної діяльності,"Мистецтво, спорт, розваги та відпочинок",Жінки,Річна,2025,333
Кількість активних підприємств,Житомирська,Вид економічної діяльності,Добувна промисловість і розроблення кар'єрів,Чоловіки,Річна,2025,166
Кількість активних підприємств,Житомирська,Вид економічної діяльності,Будівництво,Чоловіки,Річна,2025,395
Кількість активних підприємств,Житомирська,Вид економічної діяльності,"Сільське господарство, лісове господарство та рибне господарство",Жінки,Річна,2025,260
Кількість активних підприємств,Житомирська,Вид економічної діяльності,Освіта,Жінки,Річна,2025,1222
Кількість активних підприємств,Житомирська,Вид економічної діяльності,Інформація та телекомунікації,Чоловіки,Річна,2025,144
Кількість активних підприємств,Житомирська,Вид економічної діяльності,Будівництво,Жінки,Річна,2025,75
Кількість активних підприємств,Житомирська,Вид економічної діяльності,Охорона здоров'я та надання соціальної допомоги,Жінки,Річна,2025,404
Кількість активних підприємств,Житомирська,Вид економічної діяльності,Фінансова та страхова діяльність,Жінки,Річна,2025,2
Кількість активних підприємств,Житомирська,Вид економічної діяльності,"Водопостачання; каналізація, поводження з відходами",Жінки,Річна,2025,36
Кількість активних підприємств,Житомирська,Вид економічної діяльності,Переробна промисловість,Чоловіки,Річна,2025,930
Кількість активних підприємств,Житомирська,Вид економічної діяльності,"Сільське господарство, лісове господарство та рибне господарство",Чоловіки,Річна,2025,1104
Кількість активних підприємств,Житомирська,Вид економічної діяльності,"Водопостачання; каналізація, поводження з відходами",Чоловіки,Річна,2025,80
Кількість активних підприємств,Житомирська,Вид економічної діяльності,Тимчасове розміщування й організація харчування,Чоловіки,Річна,2025,44
Кількість активних підприємств,Житомирська,Вид економічної діяльності,Фінансова та страхова діяльність,Чоловіки,Річна,2025,14
Кількість активних підприємств,Житомирська,Вид економічної діяльності,Оптова та роздрібна торгівля; ремонт автотранспортних засобів і мотоциклів,Чоловіки,Річна,2025,1023
Кількість активних підприємств,Житомирська,Вид економічної діяльності,Державне управління й оборона; обов'язкове соціальне страхування,Чоловіки,Річна,2025,474
Кількість активних підприємств,Житомирська,Вид економічної діяльності,Освіта,Чоловіки,Річна,2025,307
Кількість активних підприємств,Житомирська,Вид економічної діяльності,Надання інших видів послуг,Чоловіки,Річна,2025,3509
Кількість активних підприємств,Житомирська,Вид економічної діяльності,Операції з нерухомим майном,Жінки,Річна,2025,251
Кількість активних підприємств,Житомирська,Вид економічної діяльності,Інформація та телекомунікації,Жінки,Річна,2025,63
Кількість активних підприємств,Житомирська,Вид економічної діяльності,Державне управління й оборона; обов'язкове соціальне страхування,Жінки,Річна,2025,1013
Кількість активних підприємств,Житомирська,Вид економічної діяльності,Оптова та роздрібна торгівля; ремонт автотранспортних засобів і мотоциклів,Жінки,Річна,2025,454
Кількість активних підприємств,Житомирська,Вид економічної діяльності,"Постачання електроенергії, газу, пари та кондиційованого повітря",Чоловіки,Річна,2025,86
Кількість активних підприємств,Житомирська,Вид економічної діяльності,"Транспорт, складське господарство, поштова та кур'єрська діяльність",Чоловіки,Річна,2025,242
Кількість активних підприємств,Житомирська,Вид економічної діяльності,Операції з нерухомим майном,Чоловіки,Річна,2025,381
Кількість активних підприємств,Закарпатська,Вид економічної діяльності,"Постачання електроенергії, газу, пари та кондиційованого повітря",Жінки,Річна,2025,34
Кількість активних підприємств,Закарпатська,Вид економічної діяльності,"Постачання електроенергії, газу, пари та кондиційованого повітря",Чоловіки,Річна,2025,95
Кількість активних підприємств,Закарпатська,Вид економічної діяльності,Добувна промисловість і розроблення кар'єрів,Чоловіки,Річна,2025,52
Кількість активних підприємств,Закарпатська,Вид економічної діяльності,Будівництво,Чоловіки,Річна,2025,506
Кількість активних підприємств,Закарпатська,Вид економічної діяльності,"Транспорт, складське господарство, поштова та кур'єрська діяльність",Чоловіки,Річна,2025,418
Кількість активних підприємств,Закарпатська,Вид економічної діяльності,"Водопостачання; каналізація, поводження з відходами",Жінки,Річна,2025,16
Кількість активних підприємств,Закарпатська,Вид економічної діяльності,"Водопостачання; каналізація, поводження з відходами",Чоловіки,Річна,2025,58
Кількість активних підприємств,Закарпатська,Вид економічної діяльності,"Сільське господарство, лісове господарство та рибне господарство",Чоловіки,Річна,2025,512
Кількість активних підприємств,Закарпатська,Вид економічної діяльності,"Транспорт, складське господарство, поштова та кур'єрська діяльність",Жінки,Річна,2025,124
Кількість активних підприємств,Закарпатська,Вид економічної діяльності,Переробна промисловість,Жінки,Річна,2025,212
Кількість активних підприємств,Закарпатська,Вид економічної діяльності,"Сільське господарство, лісове господарство та рибне господарство",Жінки,Річна,2025,175
Кількість активних підприємств,Закарпатська,Вид економічної діяльності,Оптова та роздрібна торгівля; ремонт автотранспортних засобів і мотоциклів,Жінки,Річна,2025,408
Кількість активних підприємств,Закарпатська,Вид економічної діяльності,Будівництво,Жінки,Річна,2025,110
Кількість активних підприємств,Закарпатська,Вид економічної діяльності,Добувна промисловість і розроблення кар'єрів,Жінки,Річна,2025,5
Кількість активних підприємств,Закарпатська,Вид економічної діяльності,Переробна промисловість,Чоловіки,Річна,2025,631
Кількість активних підприємств,Закарпатська,Вид економічної діяльності,Оптова та роздрібна торгівля; ремонт автотранспортних засобів і мотоциклів,Чоловіки,Річна,2025,940
Кількість активних підприємств,Закарпатська,Вид економічної діяльності,Діяльність домашніх господарств,Чоловіки,Річна,2025,1
Кількість активних підприємств,Закарпатська,Вид економічної діяльності,Надання інших видів послуг,Чоловіки,Річна,2025,4197
Кількість активних підприємств,Закарпатська,Вид економічної діяльності,"Мистецтво, спорт, розваги та відпочинок",Чоловіки,Річна,2025,97
Кількість активних підприємств,Закарпатська,Вид економічної діяльності,Охорона здоров'я та надання соціальної допомоги,Чоловіки,Річна,2025,896
Кількість активних підприємств,Закарпатська,Вид економічної діяльності,Освіта,Чоловіки,Річна,2025,253
Кількість активних підприємств,Закарпатська,Вид економічної діяльності,Державне управління й оборона; обов'язкове соціальне страхування,Чоловіки,Річна,2025,504
Кількість активних підприємств,Закарпатська,Вид економічної діяльності,Інформація та телекомунікації,Жінки,Річна,2025,61
Кількість активних підприємств,Закарпатська,Вид економічної діяльності,Державне управління й оборона; обов'язкове соціальне страхування,Жінки,Річна,2025,652
Кількість активних підприємств,Закарпатська,Вид економічної діяльності,Операції з нерухомим майном,Чоловіки,Річна,2025,454
Кількість активних підприємств,Закарпатська,Вид економічної діяльності,Інформація та телекомунікації,Чоловіки,Річна,2025,164
Кількість активних підприємств,Закарпатська,Вид економічної діяльності,Освіта,Жінки,Річна,2025,1121
Кількість активних підприємств,Закарпатська,Вид економічної діяльності,Діяльність у сфері адміністративного та допоміжного обслуговування,Чоловіки,Річна,2025,776
Кількість активних підприємств,Закарпатська,Вид економічної діяльності,Фінансова та страхова діяльність,Жінки,Річна,2025,11
Кількість активних підприємств,Закарпатська,Вид економічної діяльності,"Мистецтво, спорт, розваги та відпочинок",Жінки,Річна,2025,203
Кількість активних підприємств,Закарпатська,Вид економічної діяльності,"Професійна, наукова та технічна діяльність",Чоловіки,Річна,2025,214
Кількість активних підприємств,Закарпатська,Вид економічної діяльності,Тимчасове розміщування й організація харчування,Чоловіки,Річна,2025,113
Кількість активних підприємств,Закарпатська,Вид економічної діяльності,"Професійна, наукова та технічна діяльність",Жінки,Річна,2025,124
Кількість активних підприємств,Закарпатська,Вид економічної діяльності,Операції з нерухомим майном,Жінки,Річна,2025,292
Кількість активних підприємств,Закарпатська,Вид економічної діяльності,Охорона здоров'я та надання соціальної допомоги,Жінки,Річна,2025,529
Кількість активних підприємств,Закарпатська,Вид економічної діяльності,Діяльність у сфері адміністративного та допоміжного обслуговування,Жінки,Річна,2025,611
Кількість активних підприємств,Закарпатська,Вид економічної діяльності,Тимчасове розміщування й організація харчування,Жінки,Річна,2025,94
Кількість активних підприємств,Закарпатська,Вид економічної діяльності,Фінансова та страхова діяльність,Чоловіки,Річна,2025,15
Кількість активних підприємств,Закарпатська,Вид економічної діяльності,Надання інших видів послуг,Жінки,Річна,2025,1260
Кількість активних підприємств,Запорізька,Вид економічної діяльності,Переробна промисловість,Жінки,Річна,2025,246
Кількість активних підприємств,Запорізька,Вид економічної діяльності,Тимчасове розміщування й організація харчування,Жінки,Річна,2025,91
Кількість активних підприємств,Запорізька,Вид економічної діяльності,Добувна промисловість і розроблення кар'єрів,Жінки,Річна,2025,3
Кількість активних підприємств,Запорізька,Вид економічної діяльності,Охорона здоров'я та надання соціальної допомоги,Жінки,Річна,2025,630
Кількість активних підприємств,Запорізька,Вид економічної діяльності,Надання інших видів послуг,Чоловіки,Річна,2025,3675
Кількість активних підприємств,Запорізька,Вид економічної діяльності,"Мистецтво, спорт, розваги та відпочинок",Чоловіки,Річна,2025,85
Кількість активних підприємств,Запорізька,Вид економічної діяльності,Державне управління й оборона; обов'язкове соціальне страхування,Чоловіки,Річна,2025,601
Кількість активних підприємств,Запорізька,Вид економічної діяльності,Діяльність у сфері адміністративного та допоміжного обслуговування,Чоловіки,Річна,2025,2395
Кількість активних підприємств,Запорізька,Вид економічної діяльності,"Водопостачання; каналізація, поводження з відходами",Жінки,Річна,2025,16
Кількість активних підприємств,Запорізька,Вид економічної діяльності,"Транспорт, складське господарство, поштова та кур'єрська діяльність",Жінки,Річна,2025,104
Кількість активних підприємств,Запорізька,Вид економічної діяльності,Фінансова та страхова діяльність,Чоловіки,Річна,2025,40
Кількість активних підприємств,Запорізька,Вид економічної діяльності,Інформація та телекомунікації,Чоловіки,Річна,2025,211
Кількість активних підприємств,Запорізька,Вид економічної діяльності,Оптова та роздрібна торгівля; ремонт автотранспортних засобів і мотоциклів,Чоловіки,Річна,2025,1789
Кількість активних підприємств,Запорізька,Вид економічної діяльності,Будівництво,Чоловіки,Річна,2025,558
Кількість активних підприємств,Запорізька,Вид економічної діяльності,Добувна промисловість і розроблення кар'єрів,Чоловіки,Річна,2025,17
Кількість активних підприємств,Запорізька,Вид економічної діяльності,Державне управління й оборона; обов'язкове соціальне страхування,Жінки,Річна,2025,735
Кількість активних підприємств,Запорізька,Вид економічної діяльності,Інформація та телекомунікації,Жінки,Річна,2025,111
Кількість активних підприємств,Запорізька,Вид економічної діяльності,Операції з нерухомим майном,Жінки,Річна,2025,433
Кількість активних підприємств,Запорізька,Вид економічної діяльності,Будівництво,Жінки,Річна,2025,125
Кількість активних підприємств,Запорізька,Вид економічної діяльності,"Сільське господарство, лісове господарство та рибне господарство",Жінки,Річна,2025,134
Кількість активних підприємств,Запорізька,Вид економічної діяльності,Оптова та роздрібна торгівля; ремонт автотранспортних засобів і мотоциклів,Жінки,Річна,2025,754
Кількість активних підприємств,Запорізька,Вид економічної діяльності,"Професійна, наукова та технічна діяльність",Жінки,Річна,2025,280
Кількість активних підприємств,Запорізька,Вид економічної діяльності,"Сільське господарство, лісове господарство та рибне господарство",Чоловіки,Річна,2025,596
Кількість активних підприємств,Запорізька,Вид економічної діяльності,"Водопостачання; каналізація, поводження з відходами",Чоловіки,Річна,2025,81
Кількість активних підприємств,Запорізька,Вид економічної діяльності,Переробна промисловість,Чоловіки,Річна,2025,963
Кількість активних підприємств,Запорізька,Вид економічної діяльності,Надання інших видів послуг,Жінки,Річна,2025,1752
Кількість активних підприємств,Запорізька,Вид економічної діяльності,"Мистецтво, спорт, розваги та відпочинок",Жінки,Річна,2025,138
Кількість активних підприємств,Запорізька,Вид економічної діяльності,Охорона здоров'я та надання соціальної допомоги,Чоловіки,Річна,2025,835
Кількість активних підприємств,Запорізька,Вид економічної діяльності,Освіта,Чоловіки,Річна,2025,316
Кількість активних підприємств,Запорізька,Вид економічної діяльності,Фінансова та страхова діяльність,Жінки,Річна,2025,33
Кількість активних підприємств,Запорізька,Вид економічної діяльності,Тимчасове розміщування й організація харчування,Чоловіки,Річна,2025,105
Кількість активних підприємств,Запорізька,Вид економічної діяльності,Операції з нерухомим майном,Чоловіки,Річна,2025,747
Кількість активних підприємств,Запорізька,Вид економічної діяльності,"Транспорт, складське господарство, поштова та кур'єрська діяльність",Чоловіки,Річна,2025,315
Кількість активних підприємств,Запорізька,Вид економічної діяльності,"Професійна, наукова та технічна діяльність",Чоловіки,Річна,2025,346
Кількість активних підприємств,Запорізька,Вид економічної діяльності,Діяльність у сфері адміністративного та допоміжного обслуговування,Жінки,Річна,2025,1896
Кількість активних підприємств,Запорізька,Вид економічної діяльності,"Постачання електроенергії, газу, пари та кондиційованого повітря",Чоловіки,Річна,2025,83
Кількість активних підприємств,Запорізька,Вид економічної діяльності,Освіта,Жінки,Річна,2025,996
Кількість активних підприємств,Запорізька,Вид економічної діяльності,"Постачання електроенергії, газу, пари та кондиційованого повітря",Жінки,Річна,2025,14
Кількість активних підприємств,Івано-Франківська,Вид економічної діяльності,Переробна промисловість,Жінки,Річна,2025,249
Кількість активних підприємств,Івано-Франківська,Вид економічної діяльності,Добувна промисловість і розроблення кар'єрів,Жінки,Річна,2025,4
Кількість активних підприємств,Івано-Франківська,Вид економічної діяльності,Освіта,Жінки,Річна,2025,870
Кількість активних підприємств,Івано-Франківська,Вид економічної діяльності,Надання інших видів послуг,Жінки,Річна,2025,2227
Кількість активних підприємств,Івано-Франківська,Вид економічної діяльності,Надання інших видів послуг,Чоловіки,Річна,2025,4468
Кількість активних підприємств,Івано-Франківська,Вид економічної діяльності,Діяльність у сфері адміністративного та допоміжного обслуговування,Жінки,Річна,2025,698
Кількість активних підприємств,Івано-Франківська,Вид економічної діяльності,Державне управління й оборона; обов'язкове соціальне страхування,Чоловіки,Річна,2025,432
Кількість активних підприємств,Івано-Франківська,Вид економічної діяльності,Фінансова та страхова діяльність,Чоловіки,Річна,2025,38
Кількість активних підприємств,Івано-Франківська,Вид економічної діяльності,Тимчасове розміщування й організація харчування,Жінки,Річна,2025,116
Кількість активних підприємств,Івано-Франківська,Вид економічної діяльності,Переробна промисловість,Чоловіки,Річна,2025,887
Кількість активних підприємств,Івано-Франківська,Вид економічної діяльності,"Постачання електроенергії, газу, пари та кондиційованого повітря",Жінки,Річна,2025,38
Кількість активних підприємств,Івано-Франківська,Вид економічної діяльності,Оптова та роздрібна торгівля; ремонт автотранспортних засобів і мотоциклів,Чоловіки,Річна,2025,1193
Кількість активних підприємств,Івано-Франківська,Вид економічної діяльності,"Транспорт, складське господарство, поштова та кур'єрська діяльність",Чоловіки,Річна,2025,384
Кількість активних підприємств,Івано-Франківська,Вид економічної діяльності,Будівництво,Чоловіки,Річна,2025,896
Кількість активних підприємств,Івано-Франківська,Вид економічної діяльності,Тимчасове розміщування й організація харчування,Чоловіки,Річна,2025,131
Кількість активних підприємств,Івано-Франківська,Вид економічної діяльності,Будівництво,Жінки,Річна,2025,170
Кількість активних підприємств,Івано-Франківська,Вид економічної діяльності,"Мистецтво, спорт, розваги та відпочинок",Жінки,Річна,2025,82
Кількість активних підприємств,Івано-Франківська,Вид економічної діяльності,Охорона здоров'я та надання соціальної допомоги,Жінки,Річна,2025,473
Кількість активних підприємств,Івано-Франківська,Вид економічної діяльності,Фінансова та страхова діяльність,Жінки,Річна,2025,25
Кількість активних підприємств,Івано-Франківська,Вид економічної діяльності,Діяльність у сфері адміністративного та допоміжного обслуговування,Чоловіки,Річна,2025,1114
Кількість активних підприємств,Івано-Франківська,Вид економічної діяльності,Освіта,Чоловіки,Річна,2025,395
Кількість активних підприємств,Івано-Франківська,Вид економічної діяльності,Операції з нерухомим майном,Чоловіки,Річна,2025,555
Кількість активних підприємств,Івано-Франківська,Вид економічної діяльності,Оптова та роздрібна торгівля; ремонт автотранспортних засобів і мотоциклів,Жінки,Річна,2025,467
Кількість активних підприємств,Івано-Франківська,Вид економічної діяльності,"Мистецтво, спорт, розваги та відпочинок",Чоловіки,Річна,2025,125
Кількість активних підприємств,Івано-Франківська,Вид економічної діяльності,Операції з нерухомим майном,Жінки,Річна,2025,390
Кількість активних підприємств,Івано-Франківська,Вид економічної діяльності,Інформація та телекомунікації,Чоловіки,Річна,2025,206
Кількість активних підприємств,Івано-Франківська,Вид економічної діяльності,"Постачання електроенергії, газу, пари та кондиційованого повітря",Чоловіки,Річна,2025,160
Кількість активних підприємств,Івано-Франківська,Вид економічної діяльності,Добувна промисловість і розроблення кар'єрів,Чоловіки,Річна,2025,56
Кількість активних підприємств,Івано-Франківська,Вид економічної діяльності,"Сільське господарство, лісове господарство та рибне господарство",Жінки,Річна,2025,158
Кількість активних підприємств,Івано-Франківська,Вид економічної діяльності,Інформація та телекомунікації,Жінки,Річна,2025,97
Кількість активних підприємств,Івано-Франківська,Вид економічної діяльності,"Професійна, наукова та технічна діяльність",Жінки,Річна,2025,163
Кількість активних підприємств,Івано-Франківська,Вид економічної діяльності,"Транспорт, складське господарство, поштова та кур'єрська діяльність",Жінки,Річна,2025,88
Кількість активних підприємств,Івано-Франківська,Вид економічної діяльності,"Водопостачання; каналізація, поводження з відходами",Жінки,Річна,2025,14
Кількість активних підприємств,Івано-Франківська,Вид економічної діяльності,"Сільське господарство, лісове господарство та рибне господарство",Чоловіки,Річна,2025,680
Кількість активних підприємств,Івано-Франківська,Вид економічної діяльності,Охорона здоров'я та надання соціальної допомоги,Чоловіки,Річна,2025,794
Кількість активних підприємств,Івано-Франківська,Вид економічної діяльності,"Професійна, наукова та технічна діяльність",Чоловіки,Річна,2025,283
Кількість активних підприємств,Івано-Франківська,Вид економічної діяльності,Державне управління й оборона; обов'язкове соціальне страхування,Жінки,Річна,2025,677
Кількість активних підприємств,Івано-Франківська,Вид економічної діяльності,Діяльність домашніх господарств,Жінки,Річна,2025,2
Кількість активних підприємств,Івано-Франківська,Вид економічної діяльності,"Водопостачання; каналізація, поводження з відходами",Чоловіки,Річна,2025,80
Кількість активних підприємств,Київська,Вид економічної діяльності,Будівництво,Жінки,Річна,2025,458
Кількість активних підприємств,Київська,Вид економічної діяльності,"Водопостачання; каналізація, поводження з відходами",Жінки,Річна,2025,49
Кількість активних підприємств,Київська,Вид економічної діяльності,Оптова та роздрібна торгівля; ремонт автотранспортних засобів і мотоциклів,Чоловіки,Річна,2025,3665
Кількість активних підприємств,Київська,Вид економічної діяльності,"Постачання електроенергії, газу, пари та кондиційованого повітря",Жінки,Річна,2025,51
Кількість активних підприємств,Київська,Вид економічної діяльності,Переробна промисловість,Чоловіки,Річна,2025,2145
Кількість активних підприємств,Київська,Вид економічної діяльності,"Транспорт, складське господарство, поштова та кур'єрська діяльність",Чоловіки,Річна,2025,850
Кількість активних підприємств,Київська,Вид економічної діяльності,"Постачання електроенергії, газу, пари та кондиційованого повітря",Чоловіки,Річна,2025,232
Кількість активних підприємств,Київська,Вид економічної діяльності,Оптова та роздрібна торгівля; ремонт автотранспортних засобів і мотоциклів,Жінки,Річна,2025,1572
Кількість активних підприємств,Київська,Вид економічної діяльності,Добувна промисловість і розроблення кар'єрів,Жінки,Річна,2025,8
Кількість активних підприємств,Київська,Вид економічної діяльності,Тимчасове розміщування й організація харчування,Жінки,Річна,2025,194
Кількість активних підприємств,Київська,Вид економічної діяльності,Інформація та телекомунікації,Жінки,Річна,2025,175
Кількість активних підприємств,Київська,Вид економічної діяльності,Будівництво,Чоловіки,Річна,2025,1823
Кількість активних підприємств,Київська,Вид економічної діяльності,"Сільське господарство, лісове господарство та рибне господарство",Чоловіки,Річна,2025,1905
Кількість активних підприємств,Київська,Вид економічної діяльності,Тимчасове розміщування й організація харчування,Чоловіки,Річна,2025,226
Кількість активних підприємств,Київська,Вид економічної діяльності,"Водопостачання; каналізація, поводження з відходами",Чоловіки,Річна,2025,207
Кількість активних підприємств,Київська,Вид економічної діяльності,Добувна промисловість і розроблення кар'єрів,Чоловіки,Річна,2025,57
Кількість активних підприємств,Київська,Вид економічної діяльності,"Сільське господарство, лісове господарство та рибне господарство",Жінки,Річна,2025,499
Кількість активних підприємств,Київська,Вид економічної діяльності,Переробна промисловість,Жінки,Річна,2025,615
Кількість активних підприємств,Київська,Вид економічної діяльності,"Транспорт, складське господарство, поштова та кур'єрська діяльність",Жінки,Річна,2025,308
Кількість активних підприємств,Київська,Вид економічної діяльності,Охорона здоров'я та надання соціальної допомоги,Жінки,Річна,2025,1044
Кількість активних підприємств,Київська,Вид економічної діяльності,Операції з нерухомим майном,Жінки,Річна,2025,756
Кількість активних підприємств,Київська,Вид економічної діяльності,Фінансова та страхова діяльність,Жінки,Річна,2025,24
Кількість активних підприємств,Київська,Вид економічної діяльності,Надання інших видів послуг,Жінки,Річна,2025,2665
Кількість активних підприємств,Київська,Вид економічної діяльності,Фінансова та страхова діяльність,Чоловіки,Річна,2025,46
Кількість активних підприємств,Київська,Вид економічної діяльності,Операції з нерухомим майном,Чоловіки,Річна,2025,1477
Кількість активних підприємств,Київська,Вид економічної діяльності,Державне управління й оборона; обов'язкове соціальне страхування,Чоловіки,Річна,2025,566
Кількість активних підприємств,Київська,Вид економічної діяльності,Діяльність у сфері адміністративного та допоміжного обслуговування,Жінки,Річна,2025,1587
Кількість активних підприємств,Київська,Вид економічної діяльності,Надання інших видів послуг,Чоловіки,Річна,2025,6813
Кількість активних підприємств,Київська,Вид економічної діяльності,Діяльність домашніх господарств,Жінки,Річна,2025,2
Кількість активних підприємств,Київська,Вид економічної діяльності,Діяльність домашніх господарств,Чоловіки,Річна,2025,3
Кількість активних підприємств,Київська,Вид економічної діяльності,"Мистецтво, спорт, розваги та відпочинок",Чоловіки,Річна,2025,189
Кількість активних підприємств,Київська,Вид економічної діяльності,Освіта,Чоловіки,Річна,2025,349
Кількість активних підприємств,Київська,Вид економічної діяльності,Державне управління й оборона; обов'язкове соціальне страхування,Жінки,Річна,2025,916
Кількість активних підприємств,Київська,Вид економічної діяльності,"Професійна, наукова та технічна діяльність",Жінки,Річна,2025,528
Кількість активних підприємств,Київська,Вид економічної діяльності,Освіта,Жінки,Річна,2025,1357
Кількість активних підприємств,Київська,Вид економічної діяльності,Інформація та телекомунікації,Чоловіки,Річна,2025,381
Кількість активних підприємств,Київська,Вид економічної діяльності,Діяльність у сфері адміністративного та допоміжного обслуговування,Чоловіки,Річна,2025,3015
Кількість активних підприємств,Київська,Вид економічної діяльності,"Професійна, наукова та технічна діяльність",Чоловіки,Річна,2025,780
Кількість активних підприємств,Київська,Вид економічної діяльності,Охорона здоров'я та надання соціальної допомоги,Чоловіки,Річна,2025,1321
Кількість активних підприємств,Київська,Вид економічної діяльності,"Мистецтво, спорт, розваги та відпочинок",Жінки,Річна,2025,153
Кількість активних підприємств,Кіровоградська,Вид економічної діяльності,Освіта,Жінки,Річна,2025,748
Кількість активних підприємств,Кіровоградська,Вид економічної діяльності,"Постачання електроенергії, газу, пари та кондиційованого повітря",Жінки,Річна,2025,13
Кількість активних підприємств,Кіровоградська,Вид економічної діяльності,Інформація та телекомунікації,Жінки,Річна,2025,58
Кількість активних підприємств,Кіровоградська,Вид економічної діяльності,Переробна промисловість,Жінки,Річна,2025,186
Кількість активних підприємств,Кіровоградська,Вид економічної діяльності,Державне управління й оборона; обов'язкове соціальне страхування,Жінки,Річна,2025,727
Кількість активних підприємств,Кіровоградська,Вид економічної діяльності,Операції з нерухомим майном,Жінки,Річна,2025,234
Кількість активних підприємств,Кіровоградська,Вид економічної діяльності,Охорона здоров'я та надання соціальної допомоги,Чоловіки,Річна,2025,365
Кількість активних підприємств,Кіровоградська,Вид економічної діяльності,"Мистецтво, спорт, розваги та відпочинок",Чоловіки,Річна,2025,80
Кількість активних підприємств,Кіровоградська,Вид економічної діяльності,Тимчасове розміщування й організація харчування,Чоловіки,Річна,2025,41
Кількість активних підприємств,Кіровоградська,Вид економічної діяльності,"Водопостачання; каналізація, поводження з відходами",Жінки,Річна,2025,22
Кількість активних підприємств,Кіровоградська,Вид економічної діяльності,"Професійна, наукова та технічна діяльність",Чоловіки,Річна,2025,172
Кількість активних підприємств,Кіровоградська,Вид економічної діяльності,"Водопостачання; каналізація, поводження з відходами",Чоловіки,Річна,2025,104
Кількість активних підприємств,Кіровоградська,Вид економічної діяльності,Охорона здоров'я та надання соціальної допомоги,Жінки,Річна,2025,289
Кількість активних підприємств,Кіровоградська,Вид економічної діяльності,"Сільське господарство, лісове господарство та рибне господарство",Чоловіки,Річна,2025,2830
Кількість активних підприємств,Кіровоградська,Вид економічної діяльності,"Професійна, наукова та технічна діяльність",Жінки,Річна,2025,132
Кількість активних підприємств,Кіровоградська,Вид економічної діяльності,Добувна промисловість і розроблення кар'єрів,Чоловіки,Річна,2025,29
Кількість активних підприємств,Кіровоградська,Вид економічної діяльності,Оптова та роздрібна торгівля; ремонт автотранспортних засобів і мотоциклів,Жінки,Річна,2025,402
Кількість активних підприємств,Кіровоградська,Вид економічної діяльності,Інформація та телекомунікації,Чоловіки,Річна,2025,94
Кількість активних підприємств,Кіровоградська,Вид економічної діяльності,Добувна промисловість і розроблення кар'єрів,Жінки,Річна,2025,8
Кількість активних підприємств,Кіровоградська,Вид економічної діяльності,Будівництво,Чоловіки,Річна,2025,314
Кількість активних підприємств,Кіровоградська,Вид економічної діяльності,Діяльність у сфері адміністративного та допоміжного обслуговування,Чоловіки,Річна,2025,578
Кількість активних підприємств,Кіровоградська,Вид економічної діяльності,Діяльність домашніх господарств,Жінки,Річна,2025,1
Кількість активних підприємств,Кіровоградська,Вид економічної діяльності,"Транспорт, складське господарство, поштова та кур'єрська діяльність",Жінки,Річна,2025,109
Кількість активних підприємств,Кіровоградська,Вид економічної діяльності,"Постачання електроенергії, газу, пари та кондиційованого повітря",Чоловіки,Річна,2025,79
Кількість активних підприємств,Кіровоградська,Вид економічної діяльності,Операції з нерухомим майном,Чоловіки,Річна,2025,322
Кількість активних підприємств,Кіровоградська,Вид економічної діяльності,"Транспорт, складське господарство, поштова та кур'єрська діяльність",Чоловіки,Річна,2025,246
Кількість активних підприємств,Кіровоградська,Вид економічної діяльності,Надання інших видів послуг,Жінки,Річна,2025,1287
Кількість активних підприємств,Кіровоградська,Вид економічної діяльності,Діяльність у сфері адміністративного та допоміжного обслуговування,Жінки,Річна,2025,418
Кількість активних підприємств,Кіровоградська,Вид економічної діяльності,Тимчасове розміщування й організація харчування,Жінки,Річна,2025,45
Кількість активних підприємств,Кіровоградська,Вид економічної діяльності,Надання інших видів послуг,Чоловіки,Річна,2025,2217
Кількість активних підприємств,Кіровоградська,Вид економічної діяльності,Освіта,Чоловіки,Річна,2025,214
Кількість активних підприємств,Кіровоградська,Вид економічної діяльності,"Мистецтво, спорт, розваги та відпочинок",Жінки,Річна,2025,257
Кількість активних підприємств,Кіровоградська,Вид економічної діяльності,Фінансова та страхова діяльність,Жінки,Річна,2025,7
Кількість активних підприємств,Кіровоградська,Вид економічної діяльності,Державне управління й оборона; обов'язкове соціальне страхування,Чоловіки,Річна,2025,449
Кількість активних підприємств,Кіровоградська,Вид економічної діяльності,Фінансова та страхова діяльність,Чоловіки,Річна,2025,9
Кількість активних підприємств,Кіровоградська,Вид економічної діяльності,Оптова та роздрібна торгівля; ремонт автотранспортних засобів і мотоциклів,Чоловіки,Річна,2025,893
Кількість активних підприємств,Кіровоградська,Вид економічної діяльності,Переробна промисловість,Чоловіки,Річна,2025,512
Кількість активних підприємств,Кіровоградська,Вид економічної діяльності,"Сільське господарство, лісове господарство та рибне господарство",Жінки,Річна,2025,692
Кількість активних підприємств,Кіровоградська,Вид економічної діяльності,Будівництво,Жінки,Річна,2025,75
Кількість активних підприємств,Луганська,Вид економічної діяльності,Інформація та телекомунікації,Жінки,Річна,2025,6
Кількість активних підприємств,Луганська,Вид економічної діяльності,"Постачання електроенергії, газу, пари та кондиційованого повітря",Жінки,Річна,2025,2
Кількість активних підприємств,Луганська,Вид економічної діяльності,Державне управління й оборона; обов'язкове соціальне страхування,Жінки,Річна,2025,719
Кількість активних підприємств,Луганська,Вид економічної діяльності,Освіта,Жінки,Річна,2025,1265
Кількість активних підприємств,Луганська,Вид економічної діяльності,Діяльність у сфері адміністративного та допоміжного обслуговування,Жінки,Річна,2025,631
Кількість активних підприємств,Луганська,Вид економічної діяльності,Охорона здоров'я та надання соціальної допомоги,Жінки,Річна,2025,361
Кількість активних підприємств,Луганська,Вид економічної діяльності,Будівництво,Чоловіки,Річна,2025,16
Кількість активних підприємств,Луганська,Вид економічної діяльності,Добувна промисловість і розроблення кар'єрів,Чоловіки,Річна,2025,2
Кількість активних підприємств,Луганська,Вид економічної діяльності,Оптова та роздрібна торгівля; ремонт автотранспортних засобів і мотоциклів,Чоловіки,Річна,2025,37
Кількість активних підприємств,Луганська,Вид економічної діяльності,Переробна промисловість,Чоловіки,Річна,2025,28
Кількість активних підприємств,Луганська,Вид економічної діяльності,Фінансова та страхова діяльність,Чоловіки,Річна,2025,2
Кількість активних підприємств,Луганська,Вид економічної діяльності,Інформація та телекомунікації,Чоловіки,Річна,2025,14
Кількість активних підприємств,Луганська,Вид економічної діяльності,Тимчасове розміщування й організація харчування,Жінки,Річна,2025,6
Кількість активних підприємств,Луганська,Вид економічної діяльності,Надання інших видів послуг,Жінки,Річна,2025,1903
Кількість активних підприємств,Луганська,Вид економічної діяльності,Операції з нерухомим майном,Жінки,Річна,2025,41
Кількість активних підприємств,Луганська,Вид економічної діяльності,Освіта,Чоловіки,Річна,2025,290
Кількість активних підприємств,Луганська,Вид економічної діяльності,"Мистецтво, спорт, розваги та відпочинок",Чоловіки,Річна,2025,80
Кількість активних підприємств,Луганська,Вид економічної діяльності,"Мистецтво, спорт, розваги та відпочинок",Жінки,Річна,2025,155
Кількість активних підприємств,Луганська,Вид економічної діяльності,Діяльність у сфері адміністративного та допоміжного обслуговування,Чоловіки,Річна,2025,612
Кількість активних підприємств,Луганська,Вид економічної діяльності,Надання інших видів послуг,Чоловіки,Річна,2025,3080
Кількість активних підприємств,Луганська,Вид економічної діяльності,Охорона здоров'я та надання соціальної допомоги,Чоловіки,Річна,2025,350
Кількість активних підприємств,Луганська,Вид економічної діяльності,Державне управління й оборона; обов'язкове соціальне страхування,Чоловіки,Річна,2025,631
Кількість активних підприємств,Луганська,Вид економічної діяльності,Оптова та роздрібна торгівля; ремонт автотранспортних засобів і мотоциклів,Жінки,Річна,2025,10
Кількість активних підприємств,Луганська,Вид економічної діяльності,"Професійна, наукова та технічна діяльність",Чоловіки,Річна,2025,40
Кількість активних підприємств,Луганська,Вид економічної діяльності,"Сільське господарство, лісове господарство та рибне господарство",Жінки,Річна,2025,24
Кількість активних підприємств,Луганська,Вид економічної діяльності,Діяльність домашніх господарств,Жінки,Річна,2025,1
Кількість активних підприємств,Луганська,Вид економічної діяльності,"Транспорт, складське господарство, поштова та кур'єрська діяльність",Жінки,Річна,2025,3
Кількість активних підприємств,Луганська,Вид економічної діяльності,"Водопостачання; каналізація, поводження з відходами",Жінки,Річна,2025,2
Кількість активних підприємств,Луганська,Вид економічної діяльності,"Водопостачання; каналізація, поводження з відходами",Чоловіки,Річна,2025,6
Кількість активних підприємств,Луганська,Вид економічної діяльності,"Постачання електроенергії, газу, пари та кондиційованого повітря",Чоловіки,Річна,2025,4
Кількість активних підприємств,Луганська,Вид економічної діяльності,Тимчасове розміщування й організація харчування,Чоловіки,Річна,2025,8
Кількість активних підприємств,Луганська,Вид економічної діяльності,"Транспорт, складське господарство, поштова та кур'єрська діяльність",Чоловіки,Річна,2025,10
Кількість активних підприємств,Луганська,Вид економічної діяльності,"Сільське господарство, лісове господарство та рибне господарство",Чоловіки,Річна,2025,57
Кількість активних підприємств,Луганська,Вид економічної діяльності,Операції з нерухомим майном,Чоловіки,Річна,2025,52
Кількість активних підприємств,Луганська,Вид економічної діяльності,"Професійна, наукова та технічна діяльність",Жінки,Річна,2025,43
Кількість активних підприємств,Луганська,Вид економічної діяльності,Переробна промисловість,Жінки,Річна,2025,6
Кількість активних підприємств,Львівська,Вид економічної діяльності,"Транспорт, складське господарство, поштова та кур'єрська діяльність",Жінки,Річна,2025,304
Кількість активних підприємств,Львівська,Вид економічної діяльності,Добувна промисловість і розроблення кар'єрів,Жінки,Річна,2025,22
Кількість активних підприємств,Львівська,Вид економічної діяльності,Оптова та роздрібна торгівля; ремонт автотранспортних засобів і мотоциклів,Жінки,Річна,2025,1684
Кількість активних підприємств,Львівська,Вид економічної діяльності,"Сільське господарство, лісове господарство та рибне господарство",Жінки,Річна,2025,335
Кількість активних підприємств,Львівська,Вид економічної діяльності,Інформація та телекомунікації,Чоловіки,Річна,2025,862
Кількість активних підприємств,Львівська,Вид економічної діяльності,Переробна промисловість,Чоловіки,Річна,2025,2185
Кількість активних підприємств,Львівська,Вид економічної діяльності,"Постачання електроенергії, газу, пари та кондиційованого повітря",Чоловіки,Річна,2025,204
Кількість активних підприємств,Львівська,Вид економічної діяльності,Будівництво,Жінки,Річна,2025,438
Кількість активних підприємств,Львівська,Вид економічної діяльності,Оптова та роздрібна торгівля; ремонт автотранспортних засобів і мотоциклів,Чоловіки,Річна,2025,3835
Кількість активних підприємств,Львівська,Вид економічної діяльності,"Транспорт, складське господарство, поштова та кур'єрська діяльність",Чоловіки,Річна,2025,851
Кількість активних підприємств,Львівська,Вид економічної діяльності,Фінансова та страхова діяльність,Чоловіки,Річна,2025,107
Кількість активних підприємств,Львівська,Вид економічної діяльності,"Постачання електроенергії, газу, пари та кондиційованого повітря",Жінки,Річна,2025,48
Кількість активних підприємств,Львівська,Вид економічної діяльності,Тимчасове розміщування й організація харчування,Жінки,Річна,2025,366
Кількість активних підприємств,Львівська,Вид економічної діяльності,Інформація та телекомунікації,Жінки,Річна,2025,419
Кількість активних підприємств,Львівська,Вид економічної діяльності,"Водопостачання; каналізація, поводження з відходами",Жінки,Річна,2025,24
Кількість активних підприємств,Львівська,Вид економічної діяльності,Фінансова та страхова діяльність,Жінки,Річна,2025,48
Кількість активних підприємств,Львівська,Вид економічної діяльності,Добувна промисловість і розроблення кар'єрів,Чоловіки,Річна,2025,100
Кількість активних підприємств,Львівська,Вид економічної діяльності,Будівництво,Чоловіки,Річна,2025,1902
Кількість активних підприємств,Львівська,Вид економічної діяльності,"Сільське господарство, лісове господарство та рибне господарство",Чоловіки,Річна,2025,1395
Кількість активних підприємств,Львівська,Вид економічної діяльності,"Водопостачання; каналізація, поводження з відходами",Чоловіки,Річна,2025,148
Кількість активних підприємств,Львівська,Вид економічної діяльності,Переробна промисловість,Жінки,Річна,2025,684
Кількість активних підприємств,Львівська,Вид економічної діяльності,Тимчасове розміщування й організація харчування,Чоловіки,Річна,2025,434
Кількість активних підприємств,Львівська,Вид економічної діяльності,"Професійна, наукова та технічна діяльність",Жінки,Річна,2025,584
Кількість активних підприємств,Львівська,Вид економічної діяльності,Надання інших видів послуг,Жінки,Річна,2025,3259
Кількість активних підприємств,Львівська,Вид економічної діяльності,"Мистецтво, спорт, розваги та відпочинок",Чоловіки,Річна,2025,370
Кількість активних підприємств,Львівська,Вид економічної діяльності,Діяльність у сфері адміністративного та допоміжного обслуговування,Чоловіки,Річна,2025,4095
Кількість активних підприємств,Львівська,Вид економічної діяльності,Діяльність домашніх господарств,Чоловіки,Річна,2025,6
Кількість активних підприємств,Львівська,Вид економічної діяльності,Освіта,Чоловіки,Річна,2025,656
Кількість активних підприємств,Львівська,Вид економічної діяльності,Операції з нерухомим майном,Чоловіки,Річна,2025,1671
Кількість активних підприємств,Львівська,Вид економічної діяльності,Операції з нерухомим майном,Жінки,Річна,2025,1005
Кількість активних підприємств,Львівська,Вид економічної діяльності,Діяльність у сфері адміністративного та допоміжного обслуговування,Жінки,Річна,2025,2580
Кількість активних підприємств,Львівська,Вид економічної діяльності,Надання інших видів послуг,Чоловіки,Річна,2025,9242
Кількість активних підприємств,Львівська,Вид економічної діяльності,Державне управління й оборона; обов'язкове соціальне страхування,Чоловіки,Річна,2025,784
Кількість активних підприємств,Львівська,Вид економічної діяльності,Освіта,Жінки,Річна,2025,1716
Кількість активних підприємств,Львівська,Вид економічної діяльності,Охорона здоров'я та надання соціальної допомоги,Жінки,Річна,2025,1249
Кількість активних підприємств,Львівська,Вид економічної діяльності,"Мистецтво, спорт, розваги та відпочинок",Жінки,Річна,2025,612
Кількість активних підприємств,Львівська,Вид економічної діяльності,Державне управління й оборона; обов'язкове соціальне страхування,Жінки,Річна,2025,721
Кількість активних підприємств,Львівська,Вид економічної діяльності,"Професійна, наукова та технічна діяльність",Чоловіки,Річна,2025,1063
Кількість активних підприємств,Львівська,Вид економічної діяльності,Охорона здоров'я та надання соціальної допомоги,Чоловіки,Річна,2025,1753
Кількість активних підприємств,Львівська,Вид економічної діяльності,Діяльність екстериторіальних організацій і органів,Чоловіки,Річна,2025,1
Кількість активних підприємств,Львівська,Вид економічної діяльності,Діяльність домашніх господарств,Жінки,Річна,2025,7
Кількість активних підприємств,Миколаївська,Вид економічної діяльності,Операції з нерухомим майном,Жінки,Річна,2025,308
Кількість активних підприємств,Миколаївська,Вид економічної діяльності,Будівництво,Жінки,Річна,2025,131
Кількість активних підприємств,Миколаївська,Вид економічної діяльності,"Мистецтво, спорт, розваги та відпочинок",Жінки,Річна,2025,117
Кількість активних підприємств,Миколаївська,Вид економічної діяльності,"Сільське господарство, лісове господарство та рибне господарство",Чоловіки,Річна,2025,2404
Кількість активних підприємств,Миколаївська,Вид економічної діяльності,Будівництво,Чоловіки,Річна,2025,488
Кількість активних підприємств,Миколаївська,Вид економічної діяльності,"Постачання електроенергії, газу, пари та кондиційованого повітря",Чоловіки,Річна,2025,97
Кількість активних підприємств,Миколаївська,Вид економічної діяльності,Добувна промисловість і розроблення кар'єрів,Чоловіки,Річна,2025,48
Кількість активних підприємств,Миколаївська,Вид економічної діяльності,"Транспорт, складське господарство, поштова та кур'єрська діяльність",Чоловіки,Річна,2025,453
Кількість активних підприємств,Миколаївська,Вид економічної діяльності,Надання інших видів послуг,Жінки,Річна,2025,1617
Кількість активних підприємств,Миколаївська,Вид економічної діяльності,Освіта,Чоловіки,Річна,2025,189
Кількість активних підприємств,Миколаївська,Вид економічної діяльності,Охорона здоров'я та надання соціальної допомоги,Чоловіки,Річна,2025,514
Кількість активних підприємств,Миколаївська,Вид економічної діяльності,"Професійна, наукова та технічна діяльність",Чоловіки,Річна,2025,243
Кількість активних підприємств,Миколаївська,Вид економічної діяльності,Операції з нерухомим майном,Чоловіки,Річна,2025,440
Кількість активних підприємств,Миколаївська,Вид економічної діяльності,"Транспорт, складське господарство, поштова та кур'єрська діяльність",Жінки,Річна,2025,132
Кількість активних підприємств,Миколаївська,Вид економічної діяльності,Освіта,Жінки,Річна,2025,1021
Кількість активних підприємств,Миколаївська,Вид економічної діяльності,"Професійна, наукова та технічна діяльність",Жінки,Річна,2025,185
Кількість активних підприємств,Миколаївська,Вид економічної діяльності,"Водопостачання; каналізація, поводження з відходами",Чоловіки,Річна,2025,107
Кількість активних підприємств,Миколаївська,Вид економічної діяльності,Тимчасове розміщування й організація харчування,Чоловіки,Річна,2025,94
Кількість активних підприємств,Миколаївська,Вид економічної діяльності,Фінансова та страхова діяльність,Жінки,Річна,2025,5
Кількість активних підприємств,Миколаївська,Вид економічної діяльності,"Сільське господарство, лісове господарство та рибне господарство",Жінки,Річна,2025,757
Кількість активних підприємств,Миколаївська,Вид економічної діяльності,Тимчасове розміщування й організація харчування,Жінки,Річна,2025,80
Кількість активних підприємств,Миколаївська,Вид економічної діяльності,Державне управління й оборона; обов'язкове соціальне страхування,Жінки,Річна,2025,586
Кількість активних підприємств,Миколаївська,Вид економічної діяльності,Переробна промисловість,Жінки,Річна,2025,178
Кількість активних підприємств,Миколаївська,Вид економічної діяльності,Діяльність у сфері адміністративного та допоміжного обслуговування,Жінки,Річна,2025,1157
Кількість активних підприємств,Миколаївська,Вид економічної діяльності,"Постачання електроенергії, газу, пари та кондиційованого повітря",Жінки,Річна,2025,14
Кількість активних підприємств,Миколаївська,Вид економічної діяльності,Надання інших видів послуг,Чоловіки,Річна,2025,2686
Кількість активних підприємств,Миколаївська,Вид економічної діяльності,"Мистецтво, спорт, розваги та відпочинок",Чоловіки,Річна,2025,83
Кількість активних підприємств,Миколаївська,Вид економічної діяльності,Державне управління й оборона; обов'язкове соціальне страхування,Чоловіки,Річна,2025,337
Кількість активних підприємств,Миколаївська,Вид економічної діяльності,Діяльність у сфері адміністративного та допоміжного обслуговування,Чоловіки,Річна,2025,1289
Кількість активних підприємств,Миколаївська,Вид економічної діяльності,Фінансова та страхова діяльність,Чоловіки,Річна,2025,12
Кількість активних підприємств,Миколаївська,Вид економічної діяльності,Інформація та телекомунікації,Чоловіки,Річна,2025,109
Кількість активних підприємств,Миколаївська,Вид економічної діяльності,Інформація та телекомунікації,Жінки,Річна,2025,72
Кількість активних підприємств,Миколаївська,Вид економічної діяльності,"Водопостачання; каналізація, поводження з відходами",Жінки,Річна,2025,36
Кількість активних підприємств,Миколаївська,Вид економічної діяльності,Добувна промисловість і розроблення кар'єрів,Жінки,Річна,2025,4
Кількість активних підприємств,Миколаївська,Вид економічної діяльності,Оптова та роздрібна торгівля; ремонт автотранспортних засобів і мотоциклів,Чоловіки,Річна,2025,1168
Кількість активних підприємств,Миколаївська,Вид економічної діяльності,Переробна промисловість,Чоловіки,Річна,2025,576
Кількість активних підприємств,Миколаївська,Вид економічної діяльності,Оптова та роздрібна торгівля; ремонт автотранспортних засобів і мотоциклів,Жінки,Річна,2025,599
Кількість активних підприємств,Миколаївська,Вид економічної діяльності,Охорона здоров'я та надання соціальної допомоги,Жінки,Річна,2025,464
Кількість активних підприємств,Одеська,Вид економічної діяльності,"Водопостачання; каналізація, поводження з відходами",Жінки,Річна,2025,51
Кількість активних підприємств,Одеська,Вид економічної діяльності,Фінансова та страхова діяльність,Жінки,Річна,2025,42
Кількість активних підприємств,Одеська,Вид економічної діяльності,Охорона здоров'я та надання соціальної допомоги,Жінки,Річна,2025,1098
Кількість активних підприємств,Одеська,Вид економічної діяльності,"Мистецтво, спорт, розваги та відпочинок",Жінки,Річна,2025,187
Кількість активних підприємств,Одеська,Вид економічної діяльності,"Транспорт, складське господарство, поштова та кур'єрська діяльність",Чоловіки,Річна,2025,1632
Кількість активних підприємств,Одеська,Вид економічної діяльності,Операції з нерухомим майном,Жінки,Річна,2025,1125
Кількість активних підприємств,Одеська,Вид економічної діяльності,Освіта,Чоловіки,Річна,2025,387
Кількість активних підприємств,Одеська,Вид економічної діяльності,Переробна промисловість,Чоловіки,Річна,2025,1297
Кількість активних підприємств,Одеська,Вид економічної діяльності,Діяльність домашніх господарств,Чоловіки,Річна,2025,1
Кількість активних підприємств,Одеська,Вид економічної діяльності,Операції з нерухомим майном,Чоловіки,Річна,2025,1453
Кількість активних підприємств,Одеська,Вид економічної діяльності,Оптова та роздрібна торгівля; ремонт автотранспортних засобів і мотоциклів,Чоловіки,Річна,2025,3112
Кількість активних підприємств,Одеська,Вид економічної діяльності,"Постачання електроенергії, газу, пари та кондиційованого повітря",Чоловіки,Річна,2025,130
Кількість активних підприємств,Одеська,Вид економічної діяльності,Фінансова та страхова діяльність,Чоловіки,Річна,2025,63
Кількість активних підприємств,Одеська,Вид економічної діяльності,Надання інших видів послуг,Чоловіки,Річна,2025,6354
Кількість активних підприємств,Одеська,Вид економічної діяльності,Державне управління й оборона; обов'язкове соціальне страхування,Чоловіки,Річна,2025,655
Кількість активних підприємств,Одеська,Вид економічної діяльності,Переробна промисловість,Жінки,Річна,2025,428
Кількість активних підприємств,Одеська,Вид економічної діяльності,Інформація та телекомунікації,Жінки,Річна,2025,269
Кількість активних підприємств,Одеська,Вид економічної діяльності,Державне управління й оборона; обов'язкове соціальне страхування,Жінки,Річна,2025,1071
Кількість активних підприємств,Одеська,Вид економічної діяльності,Діяльність домашніх господарств,Жінки,Річна,2025,2
Кількість активних підприємств,Одеська,Вид економічної діяльності,"Транспорт, складське господарство, поштова та кур'єрська діяльність",Жінки,Річна,2025,602
Кількість активних підприємств,Одеська,Вид економічної діяльності,Діяльність у сфері адміністративного та допоміжного обслуговування,Жінки,Річна,2025,2172
Кількість активних підприємств,Одеська,Вид економічної діяльності,Надання інших видів послуг,Жінки,Річна,2025,3235
Кількість активних підприємств,Одеська,Вид економічної діяльності,"Професійна, наукова та технічна діяльність",Жінки,Річна,2025,633
Кількість активних підприємств,Одеська,Вид економічної діяльності,"Сільське господарство, лісове господарство та рибне господарство",Жінки,Річна,2025,621
Кількість активних підприємств,Одеська,Вид економічної діяльності,Добувна промисловість і розроблення кар'єрів,Жінки,Річна,2025,6
Кількість активних підприємств,Одеська,Вид економічної діяльності,Оптова та роздрібна торгівля; ремонт автотранспортних засобів і мотоциклів,Жінки,Річна,2025,1577
Кількість активних підприємств,Одеська,Вид економічної діяльності,Тимчасове розміщування й організація харчування,Чоловіки,Річна,2025,291
Кількість активних підприємств,Одеська,Вид економічної діяльності,Інформація та телекомунікації,Чоловіки,Річна,2025,432
Кількість активних підприємств,Одеська,Вид економічної діяльності,Тимчасове розміщування й організація харчування,Жінки,Річна,2025,275
Кількість активних підприємств,Одеська,Вид економічної діяльності,Добувна промисловість і розроблення кар'єрів,Чоловіки,Річна,2025,24
Кількість активних підприємств,Одеська,Вид економічної діяльності,Охорона здоров'я та надання соціальної допомоги,Чоловіки,Річна,2025,1376
Кількість активних підприємств,Одеська,Вид економічної діяльності,"Сільське господарство, лісове господарство та рибне господарство",Чоловіки,Річна,2025,2390
Кількість активних підприємств,Одеська,Вид економічної діяльності,"Професійна, наукова та технічна діяльність",Чоловіки,Річна,2025,870
Кількість активних підприємств,Одеська,Вид економічної діяльності,Будівництво,Жінки,Річна,2025,380
Кількість активних підприємств,Одеська,Вид економічної діяльності,Будівництво,Чоловіки,Річна,2025,1463
Кількість активних підприємств,Одеська,Вид економічної діяльності,"Водопостачання; каналізація, поводження з відходами",Чоловіки,Річна,2025,213
Кількість активних підприємств,Одеська,Вид економічної діяльності,"Мистецтво, спорт, розваги та відпочинок",Чоловіки,Річна,2025,260
Кількість активних підприємств,Одеська,Вид економічної діяльності,Діяльність у сфері адміністративного та допоміжного обслуговування,Чоловіки,Річна,2025,2588
Кількість активних підприємств,Одеська,Вид економічної діяльності,Діяльність екстериторіальних організацій і органів,Чоловіки,Річна,2025,1
Кількість активних підприємств,Одеська,Вид економічної діяльності,Освіта,Жінки,Річна,2025,1480
Кількість активних підприємств,Одеська,Вид економічної діяльності,"Постачання електроенергії, газу, пари та кондиційованого повітря",Жінки,Річна,2025,31
Кількість активних підприємств,Полтавська,Вид економічної діяльності,Переробна промисловість,Жінки,Річна,2025,276
Кількість активних підприємств,Полтавська,Вид економічної діяльності,Тимчасове розміщування й організація харчування,Жінки,Річна,2025,85
Кількість активних підприємств,Полтавська,Вид економічної діяльності,Операції з нерухомим майном,Чоловіки,Річна,2025,539
Кількість активних підприємств,Полтавська,Вид економічної діяльності,Інформація та телекомунікації,Чоловіки,Річна,2025,192
Кількість активних підприємств,Полтавська,Вид економічної діяльності,"Постачання електроенергії, газу, пари та кондиційованого повітря",Жінки,Річна,2025,12
Кількість активних підприємств,Полтавська,Вид економічної діяльності,"Транспорт, складське господарство, поштова та кур'єрська діяльність",Чоловіки,Річна,2025,410
Кількість активних підприємств,Полтавська,Вид економічної діяльності,"Транспорт, складське господарство, поштова та кур'єрська діяльність",Жінки,Річна,2025,146
Кількість активних підприємств,Полтавська,Вид економічної діяльності,"Сільське господарство, лісове господарство та рибне господарство",Чоловіки,Річна,2025,2346
Кількість активних підприємств,Полтавська,Вид економічної діяльності,Добувна промисловість і розроблення кар'єрів,Чоловіки,Річна,2025,63
Кількість активних підприємств,Полтавська,Вид економічної діяльності,"Водопостачання; каналізація, поводження з відходами",Чоловіки,Річна,2025,124
Кількість активних підприємств,Полтавська,Вид економічної діяльності,Будівництво,Чоловіки,Річна,2025,686
Кількість активних підприємств,Полтавська,Вид економічної діяльності,"Професійна, наукова та технічна діяльність",Чоловіки,Річна,2025,344
Кількість активних підприємств,Полтавська,Вид економічної діяльності,"Сільське господарство, лісове господарство та рибне господарство",Жінки,Річна,2025,523
Кількість активних підприємств,Полтавська,Вид економічної діяльності,Тимчасове розміщування й організація харчування,Чоловіки,Річна,2025,81
Кількість активних підприємств,Полтавська,Вид економічної діяльності,Фінансова та страхова діяльність,Жінки,Річна,2025,17
Кількість активних підприємств,Полтавська,Вид економічної діяльності,Будівництво,Жінки,Річна,2025,170
Кількість активних підприємств,Полтавська,Вид економічної діяльності,Операції з нерухомим майном,Жінки,Річна,2025,365
Кількість активних підприємств,Полтавська,Вид економічної діяльності,"Професійна, наукова та технічна діяльність",Жінки,Річна,2025,226
Кількість активних підприємств,Полтавська,Вид економічної діяльності,"Водопостачання; каналізація, поводження з відходами",Жінки,Річна,2025,24
Кількість активних підприємств,Полтавська,Вид економічної діяльності,"Постачання електроенергії, газу, пари та кондиційованого повітря",Чоловіки,Річна,2025,69
Кількість активних підприємств,Полтавська,Вид економічної діяльності,Добувна промисловість і розроблення кар'єрів,Жінки,Річна,2025,14
Кількість активних підприємств,Полтавська,Вид економічної діяльності,Переробна промисловість,Чоловіки,Річна,2025,939
Кількість активних підприємств,Полтавська,Вид економічної діяльності,Оптова та роздрібна торгівля; ремонт автотранспортних засобів і мотоциклів,Чоловіки,Річна,2025,1652
Кількість активних підприємств,Полтавська,Вид економічної діяльності,Оптова та роздрібна торгівля; ремонт автотранспортних засобів і мотоциклів,Жінки,Річна,2025,734
Кількість активних підприємств,Полтавська,Вид економічної діяльності,Інформація та телекомунікації,Жінки,Річна,2025,122
Кількість активних підприємств,Полтавська,Вид економічної діяльності,Фінансова та страхова діяльність,Чоловіки,Річна,2025,33
Кількість активних підприємств,Полтавська,Вид економічної діяльності,Державне управління й оборона; обов'язкове соціальне страхування,Жінки,Річна,2025,820
Кількість активних підприємств,Полтавська,Вид економічної діяльності,Охорона здоров'я та надання соціальної допомоги,Чоловіки,Річна,2025,512
Кількість активних підприємств,Полтавська,Вид економічної діяльності,Надання інших видів послуг,Чоловіки,Річна,2025,3634
Кількість активних підприємств,Полтавська,Вид економічної діяльності,"Мистецтво, спорт, розваги та відпочинок",Чоловіки,Річна,2025,106
Кількість активних підприємств,Полтавська,Вид економічної діяльності,Діяльність у сфері адміністративного та допоміжного обслуговування,Чоловіки,Річна,2025,1376
Кількість активних підприємств,Полтавська,Вид економічної діяльності,Освіта,Чоловіки,Річна,2025,330
Кількість активних підприємств,Полтавська,Вид економічної діяльності,Діяльність у сфері адміністративного та допоміжного обслуговування,Жінки,Річна,2025,927
Кількість активних підприємств,Полтавська,Вид економічної діяльності,Освіта,Жінки,Річна,2025,1069
Кількість активних підприємств,Полтавська,Вид економічної діяльності,"Мистецтво, спорт, розваги та відпочинок",Жінки,Річна,2025,164
Кількість активних підприємств,Полтавська,Вид економічної діяльності,Надання інших видів послуг,Жінки,Річна,2025,1786
Кількість активних підприємств,Полтавська,Вид економічної діяльності,Державне управління й оборона; обов'язкове соціальне страхування,Чоловіки,Річна,2025,588
Кількість активних підприємств,Полтавська,Вид економічної діяльності,Охорона здоров'я та надання соціальної допомоги,Жінки,Річна,2025,410
Кількість активних підприємств,Рівненська,Вид економічної діяльності,Діяльність у сфері адміністративного та допоміжного обслуговування,Жінки,Річна,2025,816
Кількість активних підприємств,Рівненська,Вид економічної діяльності,Надання інших видів послуг,Чоловіки,Річна,2025,3422
Кількість активних підприємств,Рівненська,Вид економічної діяльності,Діяльність домашніх господарств,Чоловіки,Річна,2025,2
Кількість активних підприємств,Рівненська,Вид економічної діяльності,Тимчасове розміщування й організація харчування,Жінки,Річна,2025,39
Кількість активних підприємств,Рівненська,Вид економічної діяльності,Державне управління й оборона; обов'язкове соціальне страхування,Чоловіки,Річна,2025,351
Кількість активних підприємств,Рівненська,Вид економічної діяльності,Охорона здоров'я та надання соціальної допомоги,Чоловіки,Річна,2025,508
Кількість активних підприємств,Рівненська,Вид економічної діяльності,"Професійна, наукова та технічна діяльність",Чоловіки,Річна,2025,268
Кількість активних підприємств,Рівненська,Вид економічної діяльності,Переробна промисловість,Жінки,Річна,2025,220
Кількість активних підприємств,Рівненська,Вид економічної діяльності,Добувна промисловість і розроблення кар'єрів,Жінки,Річна,2025,16
Кількість активних підприємств,Рівненська,Вид економічної діяльності,"Транспорт, складське господарство, поштова та кур'єрська діяльність",Жінки,Річна,2025,137
Кількість активних підприємств,Рівненська,Вид економічної діяльності,"Професійна, наукова та технічна діяльність",Жінки,Річна,2025,179
Кількість активних підприємств,Рівненська,Вид економічної діяльності,"Сільське господарство, лісове господарство та рибне господарство",Чоловіки,Річна,2025,704
Кількість активних підприємств,Рівненська,Вид економічної діяльності,"Постачання електроенергії, газу, пари та кондиційованого повітря",Чоловіки,Річна,2025,63
Кількість активних підприємств,Рівненська,Вид економічної діяльності,Інформація та телекомунікації,Жінки,Річна,2025,56
Кількість активних підприємств,Рівненська,Вид економічної діяльності,Оптова та роздрібна торгівля; ремонт автотранспортних засобів і мотоциклів,Жінки,Річна,2025,429
Кількість активних підприємств,Рівненська,Вид економічної діяльності,Тимчасове розміщування й організація харчування,Чоловіки,Річна,2025,43
Кількість активних підприємств,Рівненська,Вид економічної діяльності,"Транспорт, складське господарство, поштова та кур'єрська діяльність",Чоловіки,Річна,2025,383
Кількість активних підприємств,Рівненська,Вид економічної діяльності,"Водопостачання; каналізація, поводження з відходами",Чоловіки,Річна,2025,59
Кількість активних підприємств,Рівненська,Вид економічної діяльності,Операції з нерухомим майном,Чоловіки,Річна,2025,463
Кількість активних підприємств,Рівненська,Вид економічної діяльності,Освіта,Чоловіки,Річна,2025,270
Кількість активних підприємств,Рівненська,Вид економічної діяльності,Державне управління й оборона; обов'язкове соціальне страхування,Жінки,Річна,2025,570
Кількість активних підприємств,Рівненська,Вид економічної діяльності,"Водопостачання; каналізація, поводження з відходами",Жінки,Річна,2025,12
Кількість активних підприємств,Рівненська,Вид економічної діяльності,Охорона здоров'я та надання соціальної допомоги,Жінки,Річна,2025,330
Кількість активних підприємств,Рівненська,Вид економічної діяльності,Операції з нерухомим майном,Жінки,Річна,2025,250
Кількість активних підприємств,Рівненська,Вид економічної діяльності,"Мистецтво, спорт, розваги та відпочинок",Жінки,Річна,2025,162
Кількість активних підприємств,Рівненська,Вид економічної діяльності,Надання інших видів послуг,Жінки,Річна,2025,1291
Кількість активних підприємств,Рівненська,Вид економічної діяльності,Добувна промисловість і розроблення кар'єрів,Чоловіки,Річна,2025,70
Кількість активних підприємств,Рівненська,Вид економічної діяльності,Переробна промисловість,Чоловіки,Річна,2025,702
Кількість активних підприємств,Рівненська,Вид економічної діяльності,Інформація та телекомунікації,Чоловіки,Річна,2025,136
Кількість активних підприємств,Рівненська,Вид економічної діяльності,Фінансова та страхова діяльність,Чоловіки,Річна,2025,11
Кількість активних підприємств,Рівненська,Вид економічної діяльності,Оптова та роздрібна торгівля; ремонт автотранспортних засобів і мотоциклів,Чоловіки,Річна,2025,1011
Кількість активних підприємств,Рівненська,Вид економічної діяльності,Будівництво,Чоловіки,Річна,2025,498
Кількість активних підприємств,Рівненська,Вид економічної діяльності,"Постачання електроенергії, газу, пари та кондиційованого повітря",Жінки,Річна,2025,9
Кількість активних підприємств,Рівненська,Вид економічної діяльності,"Сільське господарство, лісове господарство та рибне господарство",Жінки,Річна,2025,130
Кількість активних підприємств,Рівненська,Вид економічної діяльності,Діяльність у сфері адміністративного та допоміжного обслуговування,Чоловіки,Річна,2025,1049
Кількість активних підприємств,Рівненська,Вид економічної діяльності,"Мистецтво, спорт, розваги та відпочинок",Чоловіки,Річна,2025,87
Кількість активних підприємств,Рівненська,Вид економічної діяльності,Будівництво,Жінки,Річна,2025,87
Кількість активних підприємств,Рівненська,Вид економічної діяльності,Фінансова та страхова діяльність,Жінки,Річна,2025,13
Кількість активних підприємств,Рівненська,Вид економічної діяльності,Освіта,Жінки,Річна,2025,874
Кількість активних підприємств,Сумська,Вид економічної діяльності,Переробна промисловість,Жінки,Річна,2025,159
Кількість активних підприємств,Сумська,Вид економічної діяльності,Освіта,Жінки,Річна,2025,637
Кількість активних підприємств,Сумська,Вид економічної діяльності,"Постачання електроенергії, газу, пари та кондиційованого повітря",Жінки,Річна,2025,6
Кількість активних підприємств,Сумська,Вид економічної діяльності,Інформація та телекомунікації,Жінки,Річна,2025,73
Кількість активних підприємств,Сумська,Вид економічної діяльності,Тимчасове розміщування й організація харчування,Жінки,Річна,2025,75
Кількість активних підприємств,Сумська,Вид економічної діяльності,Державне управління й оборона; обов'язкове соціальне страхування,Жінки,Річна,2025,545
Кількість активних підприємств,Сумська,Вид економічної діяльності,Фінансова та страхова діяльність,Жінки,Річна,2025,9
Кількість активних підприємств,Сумська,Вид економічної діяльності,Переробна промисловість,Чоловіки,Річна,2025,548
Кількість активних підприємств,Сумська,Вид економічної діяльності,"Транспорт, складське господарство, поштова та кур'єрська діяльність",Жінки,Річна,2025,44
Кількість активних підприємств,Сумська,Вид економічної діяльності,Державне управління й оборона; обов'язкове соціальне страхування,Чоловіки,Річна,2025,349
Кількість активних підприємств,Сумська,Вид економічної діяльності,"Постачання електроенергії, газу, пари та кондиційованого повітря",Чоловіки,Річна,2025,49
Кількість активних підприємств,Сумська,Вид економічної діяльності,Операції з нерухомим майном,Чоловіки,Річна,2025,320
Кількість активних підприємств,Сумська,Вид економічної діяльності,Фінансова та страхова діяльність,Чоловіки,Річна,2025,6
Кількість активних підприємств,Сумська,Вид економічної діяльності,"Транспорт, складське господарство, поштова та кур'єрська діяльність",Чоловіки,Річна,2025,156
Кількість активних підприємств,Сумська,Вид економічної діяльності,Оптова та роздрібна торгівля; ремонт автотранспортних засобів і мотоциклів,Чоловіки,Річна,2025,791
Кількість активних підприємств,Сумська,Вид економічної діяльності,Освіта,Чоловіки,Річна,2025,189
Кількість активних підприємств,Сумська,Вид економічної діяльності,Надання інших видів послуг,Чоловіки,Річна,2025,2803
Кількість активних підприємств,Сумська,Вид економічної діяльності,"Мистецтво, спорт, розваги та відпочинок",Жінки,Річна,2025,116
Кількість активних підприємств,Сумська,Вид економічної діяльності,Будівництво,Жінки,Річна,2025,76
Кількість активних підприємств,Сумська,Вид економічної діяльності,"Сільське господарство, лісове господарство та рибне господарство",Жінки,Річна,2025,213
Кількість активних підприємств,Сумська,Вид економічної діяльності,Надання інших видів послуг,Жінки,Річна,2025,1184
Кількість активних підприємств,Сумська,Вид економічної діяльності,"Професійна, наукова та технічна діяльність",Жінки,Річна,2025,119
Кількість активних підприємств,Сумська,Вид економічної діяльності,Будівництво,Чоловіки,Річна,2025,310
Кількість активних підприємств,Сумська,Вид економічної діяльності,"Водопостачання; каналізація, поводження з відходами",Чоловіки,Річна,2025,74
Кількість активних підприємств,Сумська,Вид економічної діяльності,Добувна промисловість і розроблення кар'єрів,Жінки,Річна,2025,3
Кількість активних підприємств,Сумська,Вид економічної діяльності,Охорона здоров'я та надання соціальної допомоги,Жінки,Річна,2025,306
Кількість активних підприємств,Сумська,Вид економічної діяльності,Діяльність у сфері адміністративного та допоміжного обслуговування,Жінки,Річна,2025,492
Кількість активних підприємств,Сумська,Вид економічної діяльності,"Професійна, наукова та технічна діяльність",Чоловіки,Річна,2025,179
Кількість активних підприємств,Сумська,Вид економічної діяльності,Охорона здоров'я та надання соціальної допомоги,Чоловіки,Річна,2025,380
Кількість активних підприємств,Сумська,Вид економічної діяльності,Добувна промисловість і розроблення кар'єрів,Чоловіки,Річна,2025,13
Кількість активних підприємств,Сумська,Вид економічної діяльності,Інформація та телекомунікації,Чоловіки,Річна,2025,100
Кількість активних підприємств,Сумська,Вид економічної діяльності,Тимчасове розміщування й організація харчування,Чоловіки,Річна,2025,70
Кількість активних підприємств,Сумська,Вид економічної діяльності,"Сільське господарство, лісове господарство та рибне господарство",Чоловіки,Річна,2025,1021
Кількість активних підприємств,Сумська,Вид економічної діяльності,"Водопостачання; каналізація, поводження з відходами",Жінки,Річна,2025,31
Кількість активних підприємств,Сумська,Вид економічної діяльності,"Мистецтво, спорт, розваги та відпочинок",Чоловіки,Річна,2025,62
Кількість активних підприємств,Сумська,Вид економічної діяльності,Діяльність у сфері адміністративного та допоміжного обслуговування,Чоловіки,Річна,2025,695
Кількість активних підприємств,Сумська,Вид економічної діяльності,Оптова та роздрібна торгівля; ремонт автотранспортних засобів і мотоциклів,Жінки,Річна,2025,362
Кількість активних підприємств,Сумська,Вид економічної діяльності,Операції з нерухомим майном,Жінки,Річна,2025,266
Кількість активних підприємств,Тернопільська,Вид економічної діяльності,Тимчасове розміщування й організація харчування,Жінки,Річна,2025,45
Кількість активних підприємств,Тернопільська,Вид економічної діяльності,Переробна промисловість,Жінки,Річна,2025,135
Кількість активних підприємств,Тернопільська,Вид економічної діяльності,"Постачання електроенергії, газу, пари та кондиційованого повітря",Чоловіки,Річна,2025,73
Кількість активних підприємств,Тернопільська,Вид економічної діяльності,Добувна промисловість і розроблення кар'єрів,Чоловіки,Річна,2025,57
Кількість активних підприємств,Тернопільська,Вид економічної діяльності,Будівництво,Чоловіки,Річна,2025,357
Кількість активних підприємств,Тернопільська,Вид економічної діяльності,Добувна промисловість і розроблення кар'єрів,Жінки,Річна,2025,7
Кількість активних підприємств,Тернопільська,Вид економічної діяльності,"Транспорт, складське господарство, поштова та кур'єрська діяльність",Жінки,Річна,2025,63
Кількість активних підприємств,Тернопільська,Вид економічної діяльності,Оптова та роздрібна торгівля; ремонт автотранспортних засобів і мотоциклів,Чоловіки,Річна,2025,721
Кількість активних підприємств,Тернопільська,Вид економічної діяльності,"Водопостачання; каналізація, поводження з відходами",Жінки,Річна,2025,30
Кількість активних підприємств,Тернопільська,Вид економічної діяльності,Державне управління й оборона; обов'язкове соціальне страхування,Жінки,Річна,2025,549
Кількість активних підприємств,Тернопільська,Вид економічної діяльності,Інформація та телекомунікації,Жінки,Річна,2025,63
Кількість активних підприємств,Тернопільська,Вид економічної діяльності,Переробна промисловість,Чоловіки,Річна,2025,577
Кількість активних підприємств,Тернопільська,Вид економічної діяльності,Фінансова та страхова діяльність,Чоловіки,Річна,2025,10
Кількість активних підприємств,Тернопільська,Вид економічної діяльності,"Сільське господарство, лісове господарство та рибне господарство",Жінки,Річна,2025,164
Кількість активних підприємств,Тернопільська,Вид економічної діяльності,Будівництво,Жінки,Річна,2025,95
Кількість активних підприємств,Тернопільська,Вид економічної діяльності,Операції з нерухомим майном,Жінки,Річна,2025,159
Кількість активних підприємств,Тернопільська,Вид економічної діяльності,Діяльність у сфері адміністративного та допоміжного обслуговування,Чоловіки,Річна,2025,1409
Кількість активних підприємств,Тернопільська,Вид економічної діяльності,Оптова та роздрібна торгівля; ремонт автотранспортних засобів і мотоциклів,Жінки,Річна,2025,262
Кількість активних підприємств,Тернопільська,Вид економічної діяльності,Інформація та телекомунікації,Чоловіки,Річна,2025,101
Кількість активних підприємств,Тернопільська,Вид економічної діяльності,"Транспорт, складське господарство, поштова та кур'єрська діяльність",Чоловіки,Річна,2025,293
Кількість активних підприємств,Тернопільська,Вид економічної діяльності,Операції з нерухомим майном,Чоловіки,Річна,2025,312
Кількість активних підприємств,Тернопільська,Вид економічної діяльності,"Професійна, наукова та технічна діяльність",Жінки,Річна,2025,89
Кількість активних підприємств,Тернопільська,Вид економічної діяльності,"Водопостачання; каналізація, поводження з відходами",Чоловіки,Річна,2025,95
Кількість активних підприємств,Тернопільська,Вид економічної діяльності,Діяльність у сфері адміністративного та допоміжного обслуговування,Жінки,Річна,2025,974
Кількість активних підприємств,Тернопільська,Вид економічної діяльності,Фінансова та страхова діяльність,Жінки,Річна,2025,8
Кількість активних підприємств,Тернопільська,Вид економічної діяльності,"Постачання електроенергії, газу, пари та кондиційованого повітря",Жінки,Річна,2025,21
Кількість активних підприємств,Тернопільська,Вид економічної діяльності,"Професійна, наукова та технічна діяльність",Чоловіки,Річна,2025,198
Кількість активних підприємств,Тернопільська,Вид економічної діяльності,Тимчасове розміщування й організація харчування,Чоловіки,Річна,2025,38
Кількість активних підприємств,Тернопільська,Вид економічної діяльності,"Сільське господарство, лісове господарство та рибне господарство",Чоловіки,Річна,2025,920
Кількість активних підприємств,Тернопільська,Вид економічної діяльності,Охорона здоров'я та надання соціальної допомоги,Жінки,Річна,2025,290
Кількість активних підприємств,Тернопільська,Вид економічної діяльності,Надання інших видів послуг,Чоловіки,Річна,2025,3585
Кількість активних підприємств,Тернопільська,Вид економічної діяльності,Державне управління й оборона; обов'язкове соціальне страхування,Чоловіки,Річна,2025,398
Кількість активних підприємств,Тернопільська,Вид економічної діяльності,"Мистецтво, спорт, розваги та відпочинок",Жінки,Річна,2025,124
Кількість активних підприємств,Тернопільська,Вид економічної діяльності,Надання інших видів послуг,Жінки,Річна,2025,962
Кількість активних підприємств,Тернопільська,Вид економічної діяльності,Освіта,Чоловіки,Річна,2025,316
Кількість активних підприємств,Тернопільська,Вид економічної діяльності,"Мистецтво, спорт, розваги та відпочинок",Чоловіки,Річна,2025,123
Кількість активних підприємств,Тернопільська,Вид економічної діяльності,Освіта,Жінки,Річна,2025,1028
Кількість активних підприємств,Тернопільська,Вид економічної діяльності,Охорона здоров'я та надання соціальної допомоги,Чоловіки,Річна,2025,566
Кількість активних підприємств,Харківська,Вид економічної діяльності,"Сільське господарство, лісове господарство та рибне господарство",Жінки,Річна,2025,378
Кількість активних підприємств,Харківська,Вид економічної діяльності,"Сільське господарство, лісове господарство та рибне господарство",Чоловіки,Річна,2025,1428
Кількість активних підприємств,Харківська,Вид економічної діяльності,Діяльність у сфері адміністративного та допоміжного обслуговування,Жінки,Річна,2025,1827
Кількість активних підприємств,Харківська,Вид економічної діяльності,Оптова та роздрібна торгівля; ремонт автотранспортних засобів і мотоциклів,Жінки,Річна,2025,1644
Кількість активних підприємств,Харківська,Вид економічної діяльності,Надання інших видів послуг,Жінки,Річна,2025,2767
Кількість активних підприємств,Харківська,Вид економічної діяльності,Добувна промисловість і розроблення кар'єрів,Жінки,Річна,2025,2
Кількість активних підприємств,Харківська,Вид економічної діяльності,"Професійна, наукова та технічна діяльність",Жінки,Річна,2025,677
Кількість активних підприємств,Харківська,Вид економічної діяльності,"Транспорт, складське господарство, поштова та кур'єрська діяльність",Жінки,Річна,2025,215
Кількість активних підприємств,Харківська,Вид економічної діяльності,Тимчасове розміщування й організація харчування,Жінки,Річна,2025,171
Кількість активних підприємств,Харківська,Вид економічної діяльності,Будівництво,Жінки,Річна,2025,246
Кількість активних підприємств,Харківська,Вид економічної діяльності,"Мистецтво, спорт, розваги та відпочинок",Жінки,Річна,2025,194
Кількість активних підприємств,Харківська,Вид економічної діяльності,Фінансова та страхова діяльність,Жінки,Річна,2025,58
Кількість активних підприємств,Харківська,Вид економічної діяльності,Надання інших видів послуг,Чоловіки,Річна,2025,5000
Кількість активних підприємств,Харківська,Вид економічної діяльності,Освіта,Жінки,Річна,2025,1424
Кількість активних підприємств,Харківська,Вид економічної діяльності,Переробна промисловість,Чоловіки,Річна,2025,2353
Кількість активних підприємств,Харківська,Вид економічної діяльності,Фінансова та страхова діяльність,Чоловіки,Річна,2025,89
Кількість активних підприємств,Харківська,Вид економічної діяльності,Оптова та роздрібна торгівля; ремонт автотранспортних засобів і мотоциклів,Чоловіки,Річна,2025,3923
Кількість активних підприємств,Харківська,Вид економічної діяльності,Державне управління й оборона; обов'язкове соціальне страхування,Чоловіки,Річна,2025,567
Кількість активних підприємств,Харківська,Вид економічної діяльності,Охорона здоров'я та надання соціальної допомоги,Жінки,Річна,2025,932
Кількість активних підприємств,Харківська,Вид економічної діяльності,"Постачання електроенергії, газу, пари та кондиційованого повітря",Жінки,Річна,2025,37
Кількість активних підприємств,Харківська,Вид економічної діяльності,Операції з нерухомим майном,Чоловіки,Річна,2025,1720
Кількість активних підприємств,Харківська,Вид економічної діяльності,"Постачання електроенергії, газу, пари та кондиційованого повітря",Чоловіки,Річна,2025,112
Кількість активних підприємств,Харківська,Вид економічної діяльності,"Транспорт, складське господарство, поштова та кур'єрська діяльність",Чоловіки,Річна,2025,498
Кількість активних підприємств,Харківська,Вид економічної діяльності,Інформація та телекомунікації,Чоловіки,Річна,2025,696
Кількість активних підприємств,Харківська,Вид економічної діяльності,Будівництво,Чоловіки,Річна,2025,1167
Кількість активних підприємств,Харківська,Вид економічної діяльності,Добувна промисловість і розроблення кар'єрів,Чоловіки,Річна,2025,35
Кількість активних підприємств,Харківська,Вид економічної діяльності,"Мистецтво, спорт, розваги та відпочинок",Чоловіки,Річна,2025,178
Кількість активних підприємств,Харківська,Вид економічної діяльності,Освіта,Чоловіки,Річна,2025,369
Кількість активних підприємств,Харківська,Вид економічної діяльності,Діяльність у сфері адміністративного та допоміжного обслуговування,Чоловіки,Річна,2025,2704
Кількість активних підприємств,Харківська,Вид економічної діяльності,Операції з нерухомим майном,Жінки,Річна,2025,1035
Кількість активних підприємств,Харківська,Вид економічної діяльності,Державне управління й оборона; обов'язкове соціальне страхування,Жінки,Річна,2025,793
Кількість активних підприємств,Харківська,Вид економічної діяльності,Переробна промисловість,Жінки,Річна,2025,749
Кількість активних підприємств,Харківська,Вид економічної діяльності,Інформація та телекомунікації,Жінки,Річна,2025,286
Кількість активних підприємств,Харківська,Вид економічної діяльності,"Водопостачання; каналізація, поводження з відходами",Чоловіки,Річна,2025,128
Кількість активних підприємств,Харківська,Вид економічної діяльності,Тимчасове розміщування й організація харчування,Чоловіки,Річна,2025,154
Кількість активних підприємств,Харківська,Вид економічної діяльності,"Водопостачання; каналізація, поводження з відходами",Жінки,Річна,2025,38
Кількість активних підприємств,Харківська,Вид економічної діяльності,Охорона здоров'я та надання соціальної допомоги,Чоловіки,Річна,2025,1309
Кількість активних підприємств,Харківська,Вид економічної діяльності,"Професійна, наукова та технічна діяльність",Чоловіки,Річна,2025,996
Кількість активних підприємств,Херсонська,Вид економічної діяльності,Фінансова та страхова діяльність,Чоловіки,Річна,2025,9
Кількість активних підприємств,Херсонська,Вид економічної діяльності,Операції з нерухомим майном,Чоловіки,Річна,2025,117
Кількість активних підприємств,Херсонська,Вид економічної діяльності,Інформація та телекомунікації,Чоловіки,Річна,2025,46
Кількість активних підприємств,Херсонська,Вид економічної діяльності,Тимчасове розміщування й організація харчування,Чоловіки,Річна,2025,19
Кількість активних підприємств,Херсонська,Вид економічної діяльності,Діяльність у сфері адміністративного та допоміжного обслуговування,Жінки,Річна,2025,1105
Кількість активних підприємств,Херсонська,Вид економічної діяльності,Оптова та роздрібна торгівля; ремонт автотранспортних засобів і мотоциклів,Чоловіки,Річна,2025,247
Кількість активних підприємств,Херсонська,Вид економічної діяльності,"Транспорт, складське господарство, поштова та кур'єрська діяльність",Жінки,Річна,2025,29
Кількість активних підприємств,Херсонська,Вид економічної діяльності,"Транспорт, складське господарство, поштова та кур'єрська діяльність",Чоловіки,Річна,2025,99
Кількість активних підприємств,Херсонська,Вид економічної діяльності,Освіта,Чоловіки,Річна,2025,184
Кількість активних підприємств,Херсонська,Вид економічної діяльності,Державне управління й оборона; обов'язкове соціальне страхування,Чоловіки,Річна,2025,489
Кількість активних підприємств,Херсонська,Вид економічної діяльності,Діяльність у сфері адміністративного та допоміжного обслуговування,Чоловіки,Річна,2025,853
Кількість активних підприємств,Херсонська,Вид економічної діяльності,"Професійна, наукова та технічна діяльність",Чоловіки,Річна,2025,112
Кількість активних підприємств,Херсонська,Вид економічної діяльності,"Мистецтво, спорт, розваги та відпочинок",Чоловіки,Річна,2025,74
Кількість активних підприємств,Херсонська,Вид економічної діяльності,"Постачання електроенергії, газу, пари та кондиційованого повітря",Чоловіки,Річна,2025,27
Кількість активних підприємств,Херсонська,Вид економічної діяльності,Переробна промисловість,Чоловіки,Річна,2025,127
Кількість активних підприємств,Херсонська,Вид економічної діяльності,Надання інших видів послуг,Чоловіки,Річна,2025,2293
Кількість активних підприємств,Херсонська,Вид економічної діяльності,Охорона здоров'я та надання соціальної допомоги,Чоловіки,Річна,2025,262
Кількість активних підприємств,Херсонська,Вид економічної діяльності,Будівництво,Чоловіки,Річна,2025,111
Кількість активних підприємств,Херсонська,Вид економічної діяльності,"Водопостачання; каналізація, поводження з відходами",Чоловіки,Річна,2025,51
Кількість активних підприємств,Херсонська,Вид економічної діяльності,Добувна промисловість і розроблення кар'єрів,Чоловіки,Річна,2025,4
Кількість активних підприємств,Херсонська,Вид економічної діяльності,"Сільське господарство, лісове господарство та рибне господарство",Чоловіки,Річна,2025,278
Кількість активних підприємств,Херсонська,Вид економічної діяльності,Операції з нерухомим майном,Жінки,Річна,2025,61
Кількість активних підприємств,Херсонська,Вид економічної діяльності,Тимчасове розміщування й організація харчування,Жінки,Річна,2025,17
Кількість активних підприємств,Херсонська,Вид економічної діяльності,Надання інших видів послуг,Жінки,Річна,2025,1148
Кількість активних підприємств,Херсонська,Вид економічної діяльності,Оптова та роздрібна торгівля; ремонт автотранспортних засобів і мотоциклів,Жінки,Річна,2025,130
Кількість активних підприємств,Херсонська,Вид економічної діяльності,Добувна промисловість і розроблення кар'єрів,Жінки,Річна,2025,1
Кількість активних підприємств,Херсонська,Вид економічної діяльності,Фінансова та страхова діяльність,Жінки,Річна,2025,4
Кількість активних підприємств,Херсонська,Вид економічної діяльності,Охорона здоров'я та надання соціальної допомоги,Жінки,Річна,2025,296
Кількість активних підприємств,Херсонська,Вид економічної діяльності,"Постачання електроенергії, газу, пари та кондиційованого повітря",Жінки,Річна,2025,13
Кількість активних підприємств,Херсонська,Вид економічної діяльності,Інформація та телекомунікації,Жінки,Річна,2025,20
Кількість активних підприємств,Херсонська,Вид економічної діяльності,Освіта,Жінки,Річна,2025,878
Кількість активних підприємств,Херсонська,Вид економічної діяльності,"Водопостачання; каналізація, поводження з відходами",Жінки,Річна,2025,16
Кількість активних підприємств,Херсонська,Вид економічної діяльності,Державне управління й оборона; обов'язкове соціальне страхування,Жінки,Річна,2025,719
Кількість активних підприємств,Херсонська,Вид економічної діяльності,Будівництво,Жінки,Річна,2025,33
Кількість активних підприємств,Херсонська,Вид економічної діяльності,Переробна промисловість,Жінки,Річна,2025,36
Кількість активних підприємств,Херсонська,Вид економічної діяльності,"Сільське господарство, лісове господарство та рибне господарство",Жінки,Річна,2025,73
Кількість активних підприємств,Херсонська,Вид економічної діяльності,"Мистецтво, спорт, розваги та відпочинок",Жінки,Річна,2025,231
Кількість активних підприємств,Херсонська,Вид економічної діяльності,"Професійна, наукова та технічна діяльність",Жінки,Річна,2025,97
Кількість активних підприємств,Хмельницька,Вид економічної діяльності,Інформація та телекомунікації,Чоловіки,Річна,2025,151
Кількість активних підприємств,Хмельницька,Вид економічної діяльності,Операції з нерухомим майном,Чоловіки,Річна,2025,453
Кількість активних підприємств,Хмельницька,Вид економічної діяльності,"Професійна, наукова та технічна діяльність",Чоловіки,Річна,2025,255
Кількість активних підприємств,Хмельницька,Вид економічної діяльності,Фінансова та страхова діяльність,Чоловіки,Річна,2025,19
Кількість активних підприємств,Хмельницька,Вид економічної діяльності,Тимчасове розміщування й організація харчування,Чоловіки,Річна,2025,79
Кількість активних підприємств,Хмельницька,Вид економічної діяльності,"Транспорт, складське господарство, поштова та кур'єрська діяльність",Чоловіки,Річна,2025,271
Кількість активних підприємств,Хмельницька,Вид економічної діяльності,Оптова та роздрібна торгівля; ремонт автотранспортних засобів і мотоциклів,Чоловіки,Річна,2025,1113
Кількість активних підприємств,Хмельницька,Вид економічної діяльності,Діяльність у сфері адміністративного та допоміжного обслуговування,Чоловіки,Річна,2025,1777
Кількість активних підприємств,Хмельницька,Вид економічної діяльності,Інформація та телекомунікації,Жінки,Річна,2025,67
Кількість активних підприємств,Хмельницька,Вид економічної діяльності,Переробна промисловість,Чоловіки,Річна,2025,805
Кількість активних підприємств,Хмельницька,Вид економічної діяльності,"Сільське господарство, лісове господарство та рибне господарство",Чоловіки,Річна,2025,1454
Кількість активних підприємств,Хмельницька,Вид економічної діяльності,Освіта,Чоловіки,Річна,2025,334
Кількість активних підприємств,Хмельницька,Вид економічної діяльності,Державне управління й оборона; обов'язкове соціальне страхування,Чоловіки,Річна,2025,542
Кількість активних підприємств,Хмельницька,Вид економічної діяльності,Добувна промисловість і розроблення кар'єрів,Чоловіки,Річна,2025,53
Кількість активних підприємств,Хмельницька,Вид економічної діяльності,Будівництво,Чоловіки,Річна,2025,630
Кількість активних підприємств,Хмельницька,Вид економічної діяльності,"Водопостачання; каналізація, поводження з відходами",Чоловіки,Річна,2025,66
Кількість активних підприємств,Хмельницька,Вид економічної діяльності,"Постачання електроенергії, газу, пари та кондиційованого повітря",Чоловіки,Річна,2025,125
Кількість активних підприємств,Хмельницька,Вид економічної діяльності,Освіта,Жінки,Річна,2025,1153
Кількість активних підприємств,Хмельницька,Вид економічної діяльності,Фінансова та страхова діяльність,Жінки,Річна,2025,12
Кількість активних підприємств,Хмельницька,Вид економічної діяльності,Добувна промисловість і розроблення кар'єрів,Жінки,Річна,2025,7
Кількість активних підприємств,Хмельницька,Вид економічної діяльності,Тимчасове розміщування й організація харчування,Жінки,Річна,2025,73
Кількість активних підприємств,Хмельницька,Вид економічної діяльності,Діяльність у сфері адміністративного та допоміжного обслуговування,Жінки,Річна,2025,946
Кількість активних підприємств,Хмельницька,Вид економічної діяльності,"Постачання електроенергії, газу, пари та кондиційованого повітря",Жінки,Річна,2025,34
Кількість активних підприємств,Хмельницька,Вид економічної діяльності,"Професійна, наукова та технічна діяльність",Жінки,Річна,2025,149
Кількість активних підприємств,Хмельницька,Вид економічної діяльності,Оптова та роздрібна торгівля; ремонт автотранспортних засобів і мотоциклів,Жінки,Річна,2025,536
Кількість активних підприємств,Хмельницька,Вид економічної діяльності,Будівництво,Жінки,Річна,2025,138
Кількість активних підприємств,Хмельницька,Вид економічної діяльності,"Сільське господарство, лісове господарство та рибне господарство",Жінки,Річна,2025,324
Кількість активних підприємств,Хмельницька,Вид економічної діяльності,Операції з нерухомим майном,Жінки,Річна,2025,304
Кількість активних підприємств,Хмельницька,Вид економічної діяльності,"Водопостачання; каналізація, поводження з відходами",Жінки,Річна,2025,14
Кількість активних підприємств,Хмельницька,Вид економічної діяльності,"Транспорт, складське господарство, поштова та кур'єрська діяльність",Жінки,Річна,2025,103
Кількість активних підприємств,Хмельницька,Вид економічної діяльності,Державне управління й оборона; обов'язкове соціальне страхування,Жінки,Річна,2025,683
Кількість активних підприємств,Хмельницька,Вид економічної діяльності,Переробна промисловість,Жінки,Річна,2025,234
Кількість активних підприємств,Хмельницька,Вид економічної діяльності,"Мистецтво, спорт, розваги та відпочинок",Чоловіки,Річна,2025,87
Кількість активних підприємств,Хмельницька,Вид економічної діяльності,Охорона здоров'я та надання соціальної допомоги,Чоловіки,Річна,2025,537
Кількість активних підприємств,Хмельницька,Вид економічної діяльності,Надання інших видів послуг,Чоловіки,Річна,2025,3648
Кількість активних підприємств,Хмельницька,Вид економічної діяльності,Охорона здоров'я та надання соціальної допомоги,Жінки,Річна,2025,390
Кількість активних підприємств,Хмельницька,Вид економічної діяльності,Надання інших видів послуг,Жінки,Річна,2025,1490
Кількість активних підприємств,Хмельницька,Вид економічної діяльності,"Мистецтво, спорт, розваги та відпочинок",Жінки,Річна,2025,126
Кількість активних підприємств,Черкаська,Вид економічної діяльності,Добувна промисловість і розроблення кар'єрів,Чоловіки,Річна,2025,24
Кількість активних підприємств,Черкаська,Вид економічної діяльності,"Сільське господарство, лісове господарство та рибне господарство",Чоловіки,Річна,2025,1856
Кількість активних підприємств,Черкаська,Вид економічної діяльності,"Сільське господарство, лісове господарство та рибне господарство",Жінки,Річна,2025,439
Кількість активних підприємств,Черкаська,Вид економічної діяльності,Добувна промисловість і розроблення кар'єрів,Жінки,Річна,2025,2
Кількість активних підприємств,Черкаська,Вид економічної діяльності,Переробна промисловість,Жінки,Річна,2025,275
Кількість активних підприємств,Черкаська,Вид економічної діяльності,"Постачання електроенергії, газу, пари та кондиційованого повітря",Жінки,Річна,2025,34
Кількість активних підприємств,Черкаська,Вид економічної діяльності,Охорона здоров'я та надання соціальної допомоги,Жінки,Річна,2025,395
Кількість активних підприємств,Черкаська,Вид економічної діяльності,Будівництво,Жінки,Річна,2025,143
Кількість активних підприємств,Черкаська,Вид економічної діяльності,Тимчасове розміщування й організація харчування,Жінки,Річна,2025,62
Кількість активних підприємств,Черкаська,Вид економічної діяльності,"Мистецтво, спорт, розваги та відпочинок",Жінки,Річна,2025,159
Кількість активних підприємств,Черкаська,Вид економічної діяльності,Надання інших видів послуг,Чоловіки,Річна,2025,3174
Кількість активних підприємств,Черкаська,Вид економічної діяльності,Державне управління й оборона; обов'язкове соціальне страхування,Чоловіки,Річна,2025,677
Кількість активних підприємств,Черкаська,Вид економічної діяльності,Фінансова та страхова діяльність,Жінки,Річна,2025,18
Кількість активних підприємств,Черкаська,Вид економічної діяльності,Освіта,Жінки,Річна,2025,883
Кількість активних підприємств,Черкаська,Вид економічної діяльності,"Транспорт, складське господарство, поштова та кур'єрська діяльність",Чоловіки,Річна,2025,372
Кількість активних підприємств,Черкаська,Вид економічної діяльності,Інформація та телекомунікації,Чоловіки,Річна,2025,171
Кількість активних підприємств,Черкаська,Вид економічної діяльності,Будівництво,Чоловіки,Річна,2025,556
Кількість активних підприємств,Черкаська,Вид економічної діяльності,Фінансова та страхова діяльність,Чоловіки,Річна,2025,25
Кількість активних підприємств,Черкаська,Вид економічної діяльності,Тимчасове розміщування й організація харчування,Чоловіки,Річна,2025,63
Кількість активних підприємств,Черкаська,Вид економічної діяльності,Оптова та роздрібна торгівля; ремонт автотранспортних засобів і мотоциклів,Чоловіки,Річна,2025,1327
Кількість активних підприємств,Черкаська,Вид економічної діяльності,"Водопостачання; каналізація, поводження з відходами",Чоловіки,Річна,2025,94
Кількість активних підприємств,Черкаська,Вид економічної діяльності,"Постачання електроенергії, газу, пари та кондиційованого повітря",Чоловіки,Річна,2025,112
Кількість активних підприємств,Черкаська,Вид економічної діяльності,Переробна промисловість,Чоловіки,Річна,2025,884
Кількість активних підприємств,Черкаська,Вид економічної діяльності,"Мистецтво, спорт, розваги та відпочинок",Чоловіки,Річна,2025,95
Кількість активних підприємств,Черкаська,Вид економічної діяльності,Надання інших видів послуг,Жінки,Річна,2025,1424
Кількість активних підприємств,Черкаська,Вид економічної діяльності,Освіта,Чоловіки,Річна,2025,246
Кількість активних підприємств,Черкаська,Вид економічної діяльності,Оптова та роздрібна торгівля; ремонт автотранспортних засобів і мотоциклів,Жінки,Річна,2025,540
Кількість активних підприємств,Черкаська,Вид економічної діяльності,Діяльність у сфері адміністративного та допоміжного обслуговування,Чоловіки,Річна,2025,1344
Кількість активних підприємств,Черкаська,Вид економічної діяльності,Діяльність у сфері адміністративного та допоміжного обслуговування,Жінки,Річна,2025,883
Кількість активних підприємств,Черкаська,Вид економічної діяльності,Операції з нерухомим майном,Чоловіки,Річна,2025,487
Кількість активних підприємств,Черкаська,Вид економічної діяльності,"Транспорт, складське господарство, поштова та кур'єрська діяльність",Жінки,Річна,2025,141
Кількість активних підприємств,Черкаська,Вид економічної діяльності,"Професійна, наукова та технічна діяльність",Жінки,Річна,2025,168
Кількість активних підприємств,Черкаська,Вид економічної діяльності,Операції з нерухомим майном,Жінки,Річна,2025,317
Кількість активних підприємств,Черкаська,Вид економічної діяльності,Державне управління й оборона; обов'язкове соціальне страхування,Жінки,Річна,2025,960
Кількість активних підприємств,Черкаська,Вид економічної діяльності,Інформація та телекомунікації,Жінки,Річна,2025,94
Кількість активних підприємств,Черкаська,Вид економічної діяльності,Охорона здоров'я та надання соціальної допомоги,Чоловіки,Річна,2025,540
Кількість активних підприємств,Черкаська,Вид економічної діяльності,"Професійна, наукова та технічна діяльність",Чоловіки,Річна,2025,264
Кількість активних підприємств,Черкаська,Вид економічної діяльності,"Водопостачання; каналізація, поводження з відходами",Жінки,Річна,2025,13
Кількість активних підприємств,Чернівецька,Вид економічної діяльності,Добувна промисловість і розроблення кар'єрів,Жінки,Річна,2025,5
Кількість активних підприємств,Чернівецька,Вид економічної діяльності,Діяльність у сфері адміністративного та допоміжного обслуговування,Жінки,Річна,2025,479
Кількість активних підприємств,Чернівецька,Вид економічної діяльності,"Транспорт, складське господарство, поштова та кур'єрська діяльність",Жінки,Річна,2025,69
Кількість активних підприємств,Чернівецька,Вид економічної діяльності,Фінансова та страхова діяльність,Чоловіки,Річна,2025,12
Кількість активних підприємств,Чернівецька,Вид економічної діяльності,"Професійна, наукова та технічна діяльність",Чоловіки,Річна,2025,123
Кількість активних підприємств,Чернівецька,Вид економічної діяльності,Тимчасове розміщування й організація харчування,Жінки,Річна,2025,41
Кількість активних підприємств,Чернівецька,Вид економічної діяльності,Надання інших видів послуг,Чоловіки,Річна,2025,2771
Кількість активних підприємств,Чернівецька,Вид економічної діяльності,"Водопостачання; каналізація, поводження з відходами",Чоловіки,Річна,2025,36
Кількість активних підприємств,Чернівецька,Вид економічної діяльності,Переробна промисловість,Чоловіки,Річна,2025,409
Кількість активних підприємств,Чернівецька,Вид економічної діяльності,Охорона здоров'я та надання соціальної допомоги,Чоловіки,Річна,2025,480
Кількість активних підприємств,Чернівецька,Вид економічної діяльності,Державне управління й оборона; обов'язкове соціальне страхування,Чоловіки,Річна,2025,340
Кількість активних підприємств,Чернівецька,Вид економічної діяльності,Державне управління й оборона; обов'язкове соціальне страхування,Жінки,Річна,2025,360
Кількість активних підприємств,Чернівецька,Вид економічної діяльності,Тимчасове розміщування й організація харчування,Чоловіки,Річна,2025,45
Кількість активних підприємств,Чернівецька,Вид економічної діяльності,Оптова та роздрібна торгівля; ремонт автотранспортних засобів і мотоциклів,Чоловіки,Річна,2025,570
Кількість активних підприємств,Чернівецька,Вид економічної діяльності,"Сільське господарство, лісове господарство та рибне господарство",Чоловіки,Річна,2025,479
Кількість активних підприємств,Чернівецька,Вид економічної діяльності,Освіта,Жінки,Річна,2025,621
Кількість активних підприємств,Чернівецька,Вид економічної діяльності,Переробна промисловість,Жінки,Річна,2025,138
Кількість активних підприємств,Чернівецька,Вид економічної діяльності,Операції з нерухомим майном,Чоловіки,Річна,2025,234
Кількість активних підприємств,Чернівецька,Вид економічної діяльності,Будівництво,Жінки,Річна,2025,40
Кількість активних підприємств,Чернівецька,Вид економічної діяльності,"Професійна, наукова та технічна діяльність",Жінки,Річна,2025,83
Кількість активних підприємств,Чернівецька,Вид економічної діяльності,"Постачання електроенергії, газу, пари та кондиційованого повітря",Чоловіки,Річна,2025,32
Кількість активних підприємств,Чернівецька,Вид економічної діяльності,"Сільське господарство, лісове господарство та рибне господарство",Жінки,Річна,2025,127
Кількість активних підприємств,Чернівецька,Вид економічної діяльності,"Транспорт, складське господарство, поштова та кур'єрська діяльність",Чоловіки,Річна,2025,260
Кількість активних підприємств,Чернівецька,Вид економічної діяльності,Освіта,Чоловіки,Річна,2025,220
Кількість активних підприємств,Чернівецька,Вид економічної діяльності,"Мистецтво, спорт, розваги та відпочинок",Жінки,Річна,2025,114
Кількість активних підприємств,Чернівецька,Вид економічної діяльності,Охорона здоров'я та надання соціальної допомоги,Жінки,Річна,2025,340
Кількість активних підприємств,Чернівецька,Вид економічної діяльності,"Водопостачання; каналізація, поводження з відходами",Жінки,Річна,2025,8
Кількість активних підприємств,Чернівецька,Вид економічної діяльності,Фінансова та страхова діяльність,Жінки,Річна,2025,4
Кількість активних підприємств,Чернівецька,Вид економічної діяльності,"Постачання електроенергії, газу, пари та кондиційованого повітря",Жінки,Річна,2025,12
Кількість активних підприємств,Чернівецька,Вид економічної діяльності,Інформація та телекомунікації,Жінки,Річна,2025,37
Кількість активних підприємств,Чернівецька,Вид економічної діяльності,Надання інших видів послуг,Жінки,Річна,2025,973
Кількість активних підприємств,Чернівецька,Вид економічної діяльності,Інформація та телекомунікації,Чоловіки,Річна,2025,101
Кількість активних підприємств,Чернівецька,Вид економічної діяльності,Діяльність у сфері адміністративного та допоміжного обслуговування,Чоловіки,Річна,2025,828
Кількість активних підприємств,Чернівецька,Вид економічної діяльності,Операції з нерухомим майном,Жінки,Річна,2025,149
Кількість активних підприємств,Чернівецька,Вид економічної діяльності,Будівництво,Чоловіки,Річна,2025,305
Кількість активних підприємств,Чернівецька,Вид економічної діяльності,"Мистецтво, спорт, розваги та відпочинок",Чоловіки,Річна,2025,103
Кількість активних підприємств,Чернівецька,Вид економічної діяльності,Добувна промисловість і розроблення кар'єрів,Чоловіки,Річна,2025,26
Кількість активних підприємств,Чернівецька,Вид економічної діяльності,Оптова та роздрібна торгівля; ремонт автотранспортних засобів і мотоциклів,Жінки,Річна,2025,270
Кількість активних підприємств,Чернігівська,Вид економічної діяльності,"Транспорт, складське господарство, поштова та кур'єрська діяльність",Жінки,Річна,2025,72
Кількість активних підприємств,Чернігівська,Вид економічної діяльності,Добувна промисловість і розроблення кар'єрів,Жінки,Річна,2025,4
Кількість активних підприємств,Чернігівська,Вид економічної діяльності,Освіта,Жінки,Річна,2025,749
Кількість активних підприємств,Чернігівська,Вид економічної діяльності,"Постачання електроенергії, газу, пари та кондиційованого повітря",Жінки,Річна,2025,6
Кількість активних підприємств,Чернігівська,Вид економічної діяльності,Оптова та роздрібна торгівля; ремонт автотранспортних засобів і мотоциклів,Жінки,Річна,2025,319
Кількість активних підприємств,Чернігівська,Вид економічної діяльності,Тимчасове розміщування й організація харчування,Жінки,Річна,2025,79
Кількість активних підприємств,Чернігівська,Вид економічної діяльності,"Постачання електроенергії, газу, пари та кондиційованого повітря",Чоловіки,Річна,2025,39
Кількість активних підприємств,Чернігівська,Вид економічної діяльності,Операції з нерухомим майном,Чоловіки,Річна,2025,294
Кількість активних підприємств,Чернігівська,Вид економічної діяльності,"Транспорт, складське господарство, поштова та кур'єрська діяльність",Чоловіки,Річна,2025,231
Кількість активних підприємств,Чернігівська,Вид економічної діяльності,Діяльність у сфері адміністративного та допоміжного обслуговування,Жінки,Річна,2025,422
Кількість активних підприємств,Чернігівська,Вид економічної діяльності,"Мистецтво, спорт, розваги та відпочинок",Чоловіки,Річна,2025,90
Кількість активних підприємств,Чернігівська,Вид економічної діяльності,Охорона здоров'я та надання соціальної допомоги,Чоловіки,Річна,2025,366
Кількість активних підприємств,Чернігівська,Вид економічної діяльності,Освіта,Чоловіки,Річна,2025,237
Кількість активних підприємств,Чернігівська,Вид економічної діяльності,Державне управління й оборона; обов'язкове соціальне страхування,Чоловіки,Річна,2025,353
Кількість активних підприємств,Чернігівська,Вид економічної діяльності,"Водопостачання; каналізація, поводження з відходами",Жінки,Річна,2025,18
Кількість активних підприємств,Чернігівська,Вид економічної діяльності,Операції з нерухомим майном,Жінки,Річна,2025,209
Кількість активних підприємств,Чернігівська,Вид економічної діяльності,"Мистецтво, спорт, розваги та відпочинок",Жінки,Річна,2025,143
Кількість активних підприємств,Чернігівська,Вид економічної діяльності,Будівництво,Жінки,Річна,2025,62
Кількість активних підприємств,Чернігівська,Вид економічної діяльності,Переробна промисловість,Чоловіки,Річна,2025,514
Кількість активних підприємств,Чернігівська,Вид економічної діяльності,Фінансова та страхова діяльність,Чоловіки,Річна,2025,12
Кількість активних підприємств,Чернігівська,Вид економічної діяльності,Тимчасове розміщування й організація харчування,Чоловіки,Річна,2025,53
Кількість активних підприємств,Чернігівська,Вид економічної діяльності,Охорона здоров'я та надання соціальної допомоги,Жінки,Річна,2025,295
Кількість активних підприємств,Чернігівська,Вид економічної діяльності,Фінансова та страхова діяльність,Жінки,Річна,2025,14
Кількість активних підприємств,Чернігівська,Вид економічної діяльності,"Професійна, наукова та технічна діяльність",Чоловіки,Річна,2025,150
Кількість активних підприємств,Чернігівська,Вид економічної діяльності,Оптова та роздрібна торгівля; ремонт автотранспортних засобів і мотоциклів,Чоловіки,Річна,2025,759
Кількість активних підприємств,Чернігівська,Вид економічної діяльності,"Водопостачання; каналізація, поводження з відходами",Чоловіки,Річна,2025,65
Кількість активних підприємств,Чернігівська,Вид економічної діяльності,"Сільське господарство, лісове господарство та рибне господарство",Чоловіки,Річна,2025,1133
Кількість активних підприємств,Чернігівська,Вид економічної діяльності,"Сільське господарство, лісове господарство та рибне господарство",Жінки,Річна,2025,246
Кількість активних підприємств,Чернігівська,Вид економічної діяльності,"Професійна, наукова та технічна діяльність",Жінки,Річна,2025,118
Кількість активних підприємств,Чернігівська,Вид економічної діяльності,Інформація та телекомунікації,Жінки,Річна,2025,56
Кількість активних підприємств,Чернігівська,Вид економічної діяльності,Державне управління й оборона; обов'язкове соціальне страхування,Жінки,Річна,2025,573
Кількість активних підприємств,Чернігівська,Вид економічної діяльності,Переробна промисловість,Жінки,Річна,2025,169
Кількість активних підприємств,Чернігівська,Вид економічної діяльності,Добувна промисловість і розроблення кар'єрів,Чоловіки,Річна,2025,6
Кількість активних підприємств,Чернігівська,Вид економічної діяльності,Інформація та телекомунікації,Чоловіки,Річна,2025,107
Кількість активних підприємств,Чернігівська,Вид економічної діяльності,Діяльність у сфері адміністративного та допоміжного обслуговування,Чоловіки,Річна,2025,651
Кількість активних підприємств,Чернігівська,Вид економічної діяльності,Будівництво,Чоловіки,Річна,2025,235
Кількість активних підприємств,Чернігівська,Вид економічної діяльності,Надання інших видів послуг,Жінки,Річна,2025,1237
Кількість активних підприємств,Чернігівська,Вид економічної діяльності,Надання інших видів послуг,Чоловіки,Річна,2025,2404
Кількість активних підприємств,Чернігівська,Вид економічної діяльності,Діяльність домашніх господарств,Чоловіки,Річна,2025,1
Кількість активних підприємств,Київ,Вид економічної діяльності,"Постачання електроенергії, газу, пари та кондиційованого повітря",Чоловіки,Річна,2025,894
Кількість активних підприємств,Київ,Вид економічної діяльності,"Сільське господарство, лісове господарство та рибне господарство",Чоловіки,Річна,2025,732
Кількість активних підприємств,Київ,Вид економічної діяльності,Переробна промисловість,Жінки,Річна,2025,2059
Кількість активних підприємств,Київ,Вид економічної діяльності,"Сільське господарство, лісове господарство та рибне господарство",Жінки,Річна,2025,237
Кількість активних підприємств,Київ,Вид економічної діяльності,"Постачання електроенергії, газу, пари та кондиційованого повітря",Жінки,Річна,2025,323
Кількість активних підприємств,Київ,Вид економічної діяльності,Добувна промисловість і розроблення кар'єрів,Чоловіки,Річна,2025,255
Кількість активних підприємств,Київ,Вид економічної діяльності,Переробна промисловість,Чоловіки,Річна,2025,6152
Кількість активних підприємств,Київ,Вид економічної діяльності,Добувна промисловість і розроблення кар'єрів,Жінки,Річна,2025,70
Кількість активних підприємств,Київ,Вид економічної діяльності,Оптова та роздрібна торгівля; ремонт автотранспортних засобів і мотоциклів,Жінки,Річна,2025,7876
Кількість активних підприємств,Київ,Вид економічної діяльності,"Професійна, наукова та технічна діяльність",Жінки,Річна,2025,5023
Кількість активних підприємств,Київ,Вид економічної діяльності,Надання інших видів послуг,Жінки,Річна,2025,7770
Кількість активних підприємств,Київ,Вид економічної діяльності,Охорона здоров'я та надання соціальної допомоги,Чоловіки,Річна,2025,6278
Кількість активних підприємств,Київ,Вид економічної діяльності,Діяльність у сфері адміністративного та допоміжного обслуговування,Жінки,Річна,2025,3667
Кількість активних підприємств,Київ,Вид економічної діяльності,Діяльність домашніх господарств,Жінки,Річна,2025,1
Кількість активних підприємств,Київ,Вид економічної діяльності,Діяльність екстериторіальних організацій і органів,Чоловіки,Річна,2025,6
Кількість активних підприємств,Київ,Вид економічної діяльності,"Професійна, наукова та технічна діяльність",Чоловіки,Річна,2025,8003
Кількість активних підприємств,Київ,Вид економічної діяльності,Надання інших видів послуг,Чоловіки,Річна,2025,16824
Кількість активних підприємств,Київ,Вид економічної діяльності,Державне управління й оборона; обов'язкове соціальне страхування,Чоловіки,Річна,2025,540
Кількість активних підприємств,Київ,Вид економічної діяльності,Фінансова та страхова діяльність,Чоловіки,Річна,2025,1385
Кількість активних підприємств,Київ,Вид економічної діяльності,Тимчасове розміщування й організація харчування,Чоловіки,Річна,2025,1044
Кількість активних підприємств,Київ,Вид економічної діяльності,"Водопостачання; каналізація, поводження з відходами",Чоловіки,Річна,2025,250
Кількість активних підприємств,Київ,Вид економічної діяльності,"Мистецтво, спорт, розваги та відпочинок",Жінки,Річна,2025,384
Кількість активних підприємств,Київ,Вид економічної діяльності,Будівництво,Жінки,Річна,2025,1586
Кількість активних підприємств,Київ,Вид економічної діяльності,"Транспорт, складське господарство, поштова та кур'єрська діяльність",Жінки,Річна,2025,1150
Кількість активних підприємств,Київ,Вид економічної діяльності,Освіта,Чоловіки,Річна,2025,924
Кількість активних підприємств,Київ,Вид економічної діяльності,Фінансова та страхова діяльність,Жінки,Річна,2025,720
Кількість активних підприємств,Київ,Вид економічної діяльності,Діяльність домашніх господарств,Чоловіки,Річна,2025,5
Кількість активних підприємств,Київ,Вид економічної діяльності,Операції з нерухомим майном,Чоловіки,Річна,2025,6127
Кількість активних підприємств,Київ,Вид економічної діяльності,"Транспорт, складське господарство, поштова та кур'єрська діяльність",Чоловіки,Річна,2025,2961
Кількість активних підприємств,Київ,Вид економічної діяльності,Інформація та телекомунікації,Жінки,Річна,2025,2449
Кількість активних підприємств,Київ,Вид економічної діяльності,Освіта,Жінки,Річна,2025,1883
Кількість активних підприємств,Київ,Вид економічної діяльності,"Водопостачання; каналізація, поводження з відходами",Жінки,Річна,2025,83
Кількість активних підприємств,Київ,Вид економічної діяльності,Державне управління й оборона; обов'язкове соціальне страхування,Жінки,Річна,2025,313
Кількість активних підприємств,Київ,Вид економічної діяльності,Тимчасове розміщування й організація харчування,Жінки,Річна,2025,972
Кількість активних підприємств,Київ,Вид економічної діяльності,Будівництво,Чоловіки,Річна,2025,6529
Кількість активних підприємств,Київ,Вид економічної діяльності,Оптова та роздрібна торгівля; ремонт автотранспортних засобів і мотоциклів,Чоловіки,Річна,2025,18226
Кількість активних підприємств,Київ,Вид економічної діяльності,Охорона здоров'я та надання соціальної допомоги,Жінки,Річна,2025,4014
Кількість активних підприємств,Київ,Вид економічної діяльності,"Мистецтво, спорт, розваги та відпочинок",Чоловіки,Річна,2025,661
Кількість активних підприємств,Київ,Вид економічної діяльності,Діяльність у сфері адміністративного та допоміжного обслуговування,Чоловіки,Річна,2025,5681
Кількість активних підприємств,Київ,Вид економічної діяльності,Інформація та телекомунікації,Чоловіки,Річна,2025,5173
Кількість активних підприємств,Київ,Вид економічної діяльності,Операції з нерухомим майном,Жінки,Річна,2025,4120
